date,TLT_close,IEF_close,SHY_close
2013-06-03,114.78,105.33,84.39
2013-06-04,113.72,105.06,84.39
2013-06-05,115.29,105.57,84.4
2013-06-06,115.22,105.7,84.39
2013-06-07,113.16,104.88,84.38
2013-06-10,112.62,104.62,84.35
2013-06-11,113.96,104.88,84.34
2013-06-12,112.33,104.41,84.33
2013-06-13,114.09,105.2,84.37
2013-06-14,113.82,105.34,84.43
2013-06-17,113.22,105.09,84.43
2013-06-18,113.28,105.03,84.43
2013-06-19,112.11,103.59,84.33
2013-06-20,110.27,103.12,84.32
2013-06-21,108.4,102.03,84.245
2013-06-24,108.85,101.78,84.21
2013-06-25,107.88,101.66,84.195
2013-06-26,108.58,102.07,84.24
2013-06-27,109.69,102.62,84.29
2013-06-28,110.44,102.5,84.28
2013-07-01,110.41,102.4,84.3
2013-07-02,110.34,102.44,84.31
2013-07-03,110.01,102.24,84.3
2013-07-05,106.26,100.52,84.21
2013-07-08,107.29,101.11,84.27
2013-07-09,107.4,101.28,84.26
2013-07-10,106.56,100.92,84.26
2013-07-11,107.81,101.93,84.33
2013-07-12,107.72,101.85,84.28
2013-07-15,108.29,102.17,84.32
2013-07-16,108.66,102.22,84.33
2013-07-17,108.86,102.67,84.36
2013-07-18,107.5,102.19,84.35
2013-07-19,109.2,102.75,84.39
2013-07-22,109.36,102.74,84.39
2013-07-23,108.9,102.62,84.38
2013-07-24,107.52,101.93,84.34
2013-07-25,107.48,102.08,84.39
2013-07-26,108.14,102.17,84.4
2013-07-29,107.35,101.96,84.39
2013-07-30,107.31,101.93,84.4
2013-07-31,107.7,102.0,84.4
2013-08-01,105.36,100.96,84.35
2013-08-02,106.52,101.82,84.41
2013-08-05,105.7,101.5,84.4
2013-08-06,106.01,101.53,84.39
2013-08-07,106.8,101.9,84.41
2013-08-08,107.09,102.05,84.41
2013-08-09,107.26,102.12,84.39
2013-08-12,106.53,101.92,84.39
2013-08-13,104.99,101.0,84.35
2013-08-14,105.15,101.09,84.35
2013-08-15,103.73,100.53,84.32
2013-08-16,103.37,100.14,84.33
2013-08-19,102.47,99.71,84.31
2013-08-20,103.26,100.25,84.33
2013-08-21,102.13,99.62,84.28
2013-08-22,103.17,99.58,84.25
2013-08-23,104.29,100.14,84.25
2013-08-26,104.81,100.34,84.28
2013-08-27,106.13,100.91,84.32
2013-08-28,105.27,100.5,84.27
2013-08-29,106.11,100.6,84.29
2013-08-30,105.99,100.41,84.3
2013-09-03,104.22,99.69,84.25
2013-09-04,103.99,99.36,84.17
2013-09-05,102.54,98.6,84.09
2013-09-06,103.05,99.2,84.17
2013-09-09,103.1,99.4,84.19
2013-09-10,102.38,98.94,84.16
2013-09-11,103.29,99.44,84.2
2013-09-12,103.15,99.45,84.2
2013-09-13,103.55,99.58,84.2
2013-09-16,102.86,99.8,84.26
2013-09-17,103.71,100.0,84.29
2013-09-18,104.99,101.24,84.4
2013-09-19,104.37,100.89,84.37
2013-09-20,104.92,100.99,84.38
2013-09-23,105.69,101.37,84.4
2013-09-24,106.83,101.74,84.41
2013-09-25,107.05,102.02,84.44
2013-09-26,106.3,101.8,84.4
2013-09-27,106.56,101.94,84.45
2013-09-30,106.4,102.11,84.47
2013-10-01,105.8,101.73,84.43
2013-10-02,105.96,101.9,84.44
2013-10-03,105.79,102.04,84.44
2013-10-04,105.71,101.76,84.41
2013-10-07,106.14,101.85,84.41
2013-10-08,106.17,101.8,84.34
2013-10-09,105.32,101.62,84.37
2013-10-10,105.49,101.4,84.365
2013-10-11,105.46,101.55,84.37
2013-10-14,104.61,101.21,84.34
2013-10-15,104.54,101.23,84.37
2013-10-16,105.85,101.72,84.4
2013-10-17,106.81,102.3,84.43
2013-10-18,107.04,102.31,84.43
2013-10-21,106.7,102.24,84.43
2013-10-22,107.89,102.95,84.495
2013-10-23,108.31,103.13,84.47
2013-10-24,107.89,102.92,84.46
2013-10-25,108.29,103.1,84.48
2013-10-28,107.92,103.0,84.5
2013-10-29,108.06,103.14,84.5
2013-10-30,107.41,102.87,84.5
2013-10-31,107.64,102.75,84.51
2013-11-01,106.19,102.02,84.46
2013-11-04,106.29,102.22,84.48
2013-11-05,105.02,101.76,84.48
2013-11-06,105.07,102.07,84.5
2013-11-07,105.96,102.34,84.52
2013-11-08,103.41,101.19,84.46
2013-11-11,103.02,101.14,84.48
2013-11-12,103.5,101.05,84.46
2013-11-13,103.88,101.47,84.46
2013-11-14,104.52,101.96,84.51
2013-11-15,104.73,101.88,84.51
2013-11-18,105.36,102.24,84.55
2013-11-19,104.56,101.86,84.52
2013-11-20,102.78,101.3,84.53
2013-11-21,102.95,101.39,84.57
2013-11-22,103.91,101.68,84.55
2013-11-25,104.21,101.76,84.55
2013-11-26,104.6,101.98,84.56
2013-11-27,104.42,101.75,84.56
2013-11-29,104.45,101.69,84.57
2013-12-02,103.33,101.09,84.5
2013-12-03,103.71,101.27,84.52
2013-12-04,102.72,100.81,84.5
2013-12-05,102.43,100.56,84.51
2013-12-06,102.92,100.65,84.475
2013-12-09,103.16,100.77,84.48
2013-12-10,103.9,101.19,84.51
2013-12-11,103.1,100.8,84.48
2013-12-12,102.71,100.51,84.45
2013-12-13,103.21,100.66,84.47
2013-12-16,102.83,100.61,84.47
2013-12-17,103.29,100.93,84.49
2013-12-18,102.77,100.55,84.49
2013-12-19,102.67,100.13,84.44
2013-12-20,104.25,100.44,84.41
2013-12-23,103.66,100.12,84.4
2013-12-24,102.83,99.73,84.37
2013-12-26,102.1,99.48,84.34
2013-12-27,101.81,99.42,84.38
2013-12-30,102.51,99.69,84.4
2013-12-31,101.86,99.24,84.38
2014-01-02,102.17,99.63,84.42
2014-01-03,102.17,99.57,84.39
2014-01-06,102.6,99.85,84.4
2014-01-07,102.86,100.01,84.4
2014-01-08,102.58,99.52,84.32
2014-01-09,103.18,99.78,84.34
2014-01-10,104.41,100.62,84.42
2014-01-13,104.93,100.91,84.44
2014-01-14,104.45,100.53,84.42
2014-01-15,104.34,100.44,84.39
2014-01-16,105.04,100.72,84.41
2014-01-17,105.48,100.96,84.41
2014-01-21,105.56,100.85,84.4
2014-01-22,105.3,100.57,84.36
2014-01-23,106.79,101.25,84.44
2014-01-24,107.48,101.66,84.47
2014-01-27,106.73,101.35,84.46
2014-01-28,106.99,101.5,84.46
2014-01-29,107.87,101.98,84.52
2014-01-30,107.56,101.88,84.51
2014-01-31,108.28,102.28,84.55
2014-02-03,109.32,102.66,84.55
2014-02-04,108.16,102.35,84.56
2014-02-05,107.16,101.98,84.52
2014-02-06,106.7,101.79,84.53
2014-02-07,106.79,102.06,84.55
2014-02-10,107.09,102.11,84.53
2014-02-11,106.47,101.66,84.51
2014-02-12,105.92,101.42,84.47
2014-02-13,106.52,101.9,84.52
2014-02-14,106.58,101.83,84.52
2014-02-18,106.82,102.08,84.55
2014-02-19,106.37,101.88,84.52
2014-02-20,106.11,101.77,84.53
2014-02-21,106.67,101.9,84.54
2014-02-24,106.4,101.8,84.54
2014-02-25,107.35,102.15,84.53
2014-02-26,107.92,102.45,84.57
2014-02-27,108.51,102.57,84.56
2014-02-28,108.57,102.47,84.56
2014-03-03,109.03,102.81,84.59
2014-03-04,107.39,102.02,84.52
2014-03-05,107.62,102.13,84.55
2014-03-06,106.56,101.69,84.5
2014-03-07,105.89,101.25,84.44
2014-03-10,106.04,101.36,84.45
2014-03-11,106.32,101.46,84.45
2014-03-12,107.06,101.86,84.48
2014-03-13,108.5,102.46,84.53
2014-03-14,108.52,102.47,84.51
2014-03-17,107.71,102.06,84.48
2014-03-18,108.1,102.31,84.5
2014-03-19,107.26,101.36,84.36
2014-03-20,107.07,101.38,84.37
2014-03-21,108.23,101.57,84.38
2014-03-24,109.0,101.61,84.34
2014-03-25,108.59,101.55,84.35
2014-03-26,109.44,101.98,84.41
2014-03-27,109.99,102.08,84.4
2014-03-28,109.37,101.72,84.4
2014-03-31,109.1,101.73,84.42
2014-04-01,107.89,101.33,84.38
2014-04-02,107.27,100.89,84.35
2014-04-03,107.74,100.96,84.37
2014-04-04,108.46,101.58,84.44
2014-04-07,109.11,101.82,84.445
2014-04-08,109.37,101.96,84.46
2014-04-09,108.83,101.93,84.5
2014-04-10,109.84,102.36,84.55
2014-04-11,110.73,102.57,84.54
2014-04-14,110.44,102.41,84.53
2014-04-15,111.13,102.53,84.53
2014-04-16,111.27,102.37,84.5
2014-04-17,110.05,101.79,84.48
2014-04-21,109.96,101.77,84.48
2014-04-22,110.33,101.73,84.44
2014-04-23,110.96,101.99,84.48
2014-04-24,111.17,101.96,84.46
2014-04-25,111.33,102.1,84.47
2014-04-28,110.79,101.95,84.47
2014-04-29,110.64,102.04,84.46
2014-04-30,111.1,102.31,84.52
2014-05-01,112.02,102.41,84.5
2014-05-02,112.71,102.56,84.49
2014-05-05,112.03,102.5,84.5
2014-05-06,112.48,102.62,84.47
2014-05-07,112.08,102.7,84.5
2014-05-08,111.6,102.81,84.52
2014-05-09,111.24,102.73,84.55
2014-05-12,110.79,102.46,84.53
2014-05-13,111.75,102.86,84.56
2014-05-14,112.96,103.33,84.59
2014-05-15,113.86,103.7,84.6
2014-05-16,113.54,103.48,84.61
2014-05-19,112.7,103.35,84.63
2014-05-20,112.95,103.65,84.64
2014-05-21,112.26,103.49,84.64
2014-05-22,112.1,103.38,84.62
2014-05-23,112.7,103.59,84.6
2014-05-27,113.36,103.62,84.62
2014-05-28,114.76,104.19,84.64
2014-05-29,114.15,104.06,84.63
2014-05-30,114.1,103.98,84.62
2014-06-02,112.96,103.33,84.57
2014-06-03,111.57,102.81,84.55
2014-06-04,111.54,102.73,84.58
2014-06-05,111.59,102.88,84.59
2014-06-06,111.59,102.8,84.57
2014-06-09,111.43,102.65,84.51
2014-06-10,111.02,102.47,84.49
2014-06-11,111.22,102.61,84.52
2014-06-12,112.21,103.01,84.55
2014-06-13,112.15,102.81,84.5
2014-06-16,112.43,102.81,84.48
2014-06-17,111.54,102.38,84.41
2014-06-18,112.4,102.92,84.48
2014-06-19,110.96,102.66,84.47
2014-06-20,111.8,102.78,84.47
2014-06-23,111.45,102.71,84.47
2014-06-24,112.58,103.13,84.5
2014-06-25,112.87,103.23,84.51
2014-06-26,113.41,103.5,84.53
2014-06-27,113.24,103.5,84.55
2014-06-30,113.52,103.58,84.56
2014-07-01,112.28,103.05,84.5
2014-07-02,111.08,102.63,84.47
2014-07-03,110.68,102.42,84.46
2014-07-07,111.49,102.67,84.44
2014-07-08,112.74,103.14,84.46
2014-07-09,112.83,103.16,84.47
2014-07-10,112.86,103.38,84.51
2014-07-11,113.58,103.55,84.53
2014-07-14,113.09,103.32,84.52
2014-07-15,112.86,103.23,84.48
2014-07-16,113.46,103.38,84.47
2014-07-17,114.89,103.98,84.47
2014-07-18,114.52,103.77,84.47
2014-07-21,115.09,103.8,84.48
2014-07-22,115.33,103.93,84.48
2014-07-23,115.18,103.92,84.51
2014-07-24,114.32,103.5,84.48
2014-07-25,115.67,103.9,84.49
2014-07-28,115.51,103.78,84.45
2014-07-29,115.93,103.92,84.47
2014-07-30,114.32,103.19,84.43
2014-07-31,113.98,103.16,84.44
2014-08-01,114.56,103.57,84.55
2014-08-04,114.26,103.63,84.55
2014-08-05,114.63,103.68,84.55
2014-08-06,114.7,103.77,84.57
2014-08-07,115.77,104.24,84.61
2014-08-08,115.52,104.15,84.56
2014-08-11,115.51,104.1,84.56
2014-08-12,114.76,103.95,84.56
2014-08-13,115.51,104.29,84.6
2014-08-14,116.44,104.5,84.62
2014-08-15,117.71,104.92,84.62
2014-08-18,116.54,104.59,84.62
2014-08-19,116.18,104.48,84.62
2014-08-20,115.99,104.17,84.54
2014-08-21,116.64,104.39,84.54
2014-08-22,117.29,104.4,84.52
2014-08-25,117.73,104.48,84.49
2014-08-26,117.35,104.46,84.52
2014-08-27,118.35,104.75,84.54
2014-08-28,118.97,104.89,84.56
2014-08-29,119.05,104.9,84.57
2014-09-02,116.73,104.05,84.5
2014-09-03,117.38,104.2,84.52
2014-09-04,115.95,103.83,84.51
2014-09-05,115.73,103.86,84.54
2014-09-08,115.78,103.75,84.49
2014-09-09,115.69,103.51,84.44
2014-09-10,114.96,103.25,84.45
2014-09-11,114.58,103.12,84.46
2014-09-12,113.38,102.73,84.44
2014-09-15,113.55,102.92,84.48
2014-09-16,113.09,102.89,84.53
2014-09-17,112.8,102.63,84.44
2014-09-18,113.16,102.56,84.45
2014-09-19,114.6,102.95,84.44
2014-09-22,114.74,103.17,84.5
2014-09-23,115.45,103.39,84.52
2014-09-24,114.81,103.1,84.49
2014-09-25,116.17,103.6,84.55
2014-09-26,116.0,103.38,84.51
2014-09-29,116.93,103.71,84.53
2014-09-30,116.27,103.62,84.51
2014-10-01,118.23,104.3,84.57
2014-10-02,117.2,103.99,84.56
2014-10-03,117.7,103.96,84.48
2014-10-06,117.77,104.13,84.56
2014-10-07,119.36,104.74,84.61
2014-10-08,119.39,105.11,84.7
2014-10-09,118.87,104.93,84.7
2014-10-10,120.05,105.34,84.74
2014-10-13,120.78,105.89,84.77
2014-10-14,121.57,106.1,84.82
2014-10-15,122.53,106.7,84.93
2014-10-16,121.75,106.41,84.88
2014-10-17,121.07,106.1,84.83
2014-10-20,121.51,106.25,84.88
2014-10-21,120.54,105.96,84.86
2014-10-22,120.67,105.93,84.84
2014-10-23,119.6,105.49,84.8
2014-10-24,119.72,105.58,84.82
2014-10-27,119.94,105.69,84.82
2014-10-28,119.19,105.43,84.8
2014-10-29,119.46,105.08,84.69
2014-10-30,119.56,105.19,84.72
2014-10-31,119.25,105.02,84.6715
2014-11-03,118.96,104.8,84.66
2014-11-04,119.33,104.79,84.65
2014-11-05,119.16,104.82,84.63
2014-11-06,118.39,104.5,84.61
2014-11-07,119.75,105.17,84.67
2014-11-10,118.65,104.74,84.61
2014-11-11,118.73,104.75,84.6
2014-11-12,118.63,104.71,84.63
2014-11-13,118.91,104.88,84.65
2014-11-14,119.49,105.1,84.69
2014-11-17,119.19,104.98,84.68
2014-11-18,119.52,105.1,84.67
2014-11-19,118.76,104.82,84.66
2014-11-20,119.38,105.01,84.68
2014-11-21,120.1,105.22,84.7
2014-11-24,120.2,105.34,84.71
2014-11-25,121.2,105.6,84.72
2014-11-26,121.53,105.78,84.73
2014-11-28,122.49,106.19,84.76
2014-12-01,121.5,105.75,84.73
2014-12-02,120.32,105.28,84.68
2014-12-03,120.79,105.32,84.64
2014-12-04,121.8,105.69,84.69
2014-12-05,121.09,105.1,84.53
2014-12-08,122.57,105.45,84.52
2014-12-09,123.2,105.84,84.55
2014-12-10,124.1,106.32,84.62
2014-12-11,124.61,106.14,84.58
2014-12-12,126.3,107.01,84.66
2014-12-15,126.04,106.62,84.6
2014-12-16,127.6,107.16,84.65
2014-12-17,126.45,106.42,84.57
2014-12-18,124.2,105.82,84.52
2014-12-19,125.87,106.21,84.46
2014-12-22,126.04,106.21,84.48
2014-12-23,123.54,105.33,84.39
2014-12-24,123.95,105.25,84.4
2014-12-26,124.41,105.39,84.37
2014-12-29,125.34,105.75,84.45
2014-12-30,125.68,105.87,84.48
2014-12-31,125.92,105.99,84.45
2015-01-02,127.32,106.53,84.54
2015-01-05,129.32,107.18,84.54
2015-01-06,131.65,107.9,84.58
2015-01-07,131.39,107.88,84.62
2015-01-08,129.65,107.44,84.61
2015-01-09,131.07,107.97,84.68
2015-01-12,131.82,108.35,84.73
2015-01-13,131.82,108.45,84.78
2015-01-14,132.82,108.95,84.83
2015-01-15,134.91,109.88,84.96
2015-01-16,133.19,109.07,84.88
2015-01-20,134.96,109.32,84.84
2015-01-21,133.4,108.8,84.84
2015-01-22,132.92,108.53,84.81
2015-01-23,134.77,109.24,84.85
2015-01-26,134.36,108.99,84.8
2015-01-27,134.57,109.14,84.85
2015-01-28,136.77,109.98,84.91
2015-01-29,135.87,109.59,84.88
2015-01-30,138.28,110.55,84.98
2015-02-02,137.48,110.23,84.92
2015-02-03,134.57,109.3,84.85
2015-02-04,134.8,109.48,84.863
2015-02-05,133.32,109.08,84.83
2015-02-06,130.96,107.86,84.63
2015-02-09,130.75,107.81,84.62
2015-02-10,129.71,107.54,84.6
2015-02-11,129.95,107.5,84.61
2015-02-12,129.52,107.54,84.64
2015-02-13,128.19,107.18,84.64
2015-02-17,126.26,106.42,84.6
2015-02-18,127.01,106.93,84.7
2015-02-19,126.17,106.66,84.65
2015-02-20,126.54,106.6,84.64
2015-02-23,127.99,107.09,84.68
2015-02-24,129.67,107.8,84.75
2015-02-25,130.23,107.9,84.75
2015-02-26,128.45,107.26,84.67
2015-02-27,129.53,107.64,84.7
2015-03-02,126.87,106.67,84.6
2015-03-03,126.41,106.44,84.58
2015-03-04,126.45,106.52,84.6
2015-03-05,126.29,106.58,84.63
2015-03-06,123.5,105.49,84.54
2015-03-09,124.64,105.98,84.58
2015-03-10,126.28,106.43,84.6
2015-03-11,127.2,106.62,84.6
2015-03-12,127.11,106.72,84.62
2015-03-13,126.72,106.56,84.63
2015-03-16,127.94,106.93,84.64
2015-03-17,129.0,107.15,84.62
2015-03-18,131.49,108.38,84.82
2015-03-19,130.82,107.87,84.71
2015-03-20,131.51,108.31,84.77
2015-03-23,131.35,108.45,84.8
2015-03-24,132.62,108.78,84.83
2015-03-25,131.5,108.31,84.81
2015-03-26,129.45,107.7,84.77
2015-03-27,131.06,108.12,84.82
2015-03-30,130.41,108.11,84.81
2015-03-31,130.69,108.39,84.88
2015-04-01,132.13,108.73,84.88
2015-04-02,130.73,108.42,84.87
2015-04-06,130.0,108.56,84.94
2015-04-07,131.09,108.65,84.88
2015-04-08,131.13,108.55,84.88
2015-04-09,129.43,108.11,84.85
2015-04-10,129.62,108.08,84.83
2015-04-13,129.8,108.3,84.88
2015-04-14,130.72,108.62,84.92
2015-04-15,130.61,108.68,84.92
2015-04-16,129.96,108.76,84.96
2015-04-17,131.45,108.98,84.92
2015-04-20,130.29,108.78,84.91
2015-04-21,129.7,108.55,84.92
2015-04-22,127.72,107.92,84.85
2015-04-23,128.27,108.25,84.89
2015-04-24,129.07,108.63,84.92
2015-04-27,129.07,108.46,84.91
2015-04-28,127.29,107.96,84.87
2015-04-29,125.73,107.56,84.88
2015-04-30,125.95,107.53,84.87
2015-05-01,124.0,106.78,84.8
2015-05-04,122.83,106.56,84.8
2015-05-05,122.66,106.38,84.78
2015-05-06,120.56,105.86,84.75
2015-05-07,122.18,106.31,84.72
2015-05-08,122.51,106.72,84.84
2015-05-11,119.53,105.67,84.76
2015-05-12,119.84,105.75,84.77
2015-05-13,118.88,105.61,84.81
2015-05-14,119.2,105.97,84.89
2015-05-15,121.59,106.73,84.89
2015-05-18,119.55,106.01,84.84
2015-05-19,118.49,105.54,84.79
2015-05-20,118.69,105.77,84.82
2015-05-21,120.35,106.4,84.85
2015-05-22,120.4,106.16,84.79
2015-05-26,122.46,106.82,84.8
2015-05-27,122.74,106.76,84.81
2015-05-28,122.44,106.86,84.85
2015-05-29,122.71,106.92,84.87
2015-06-01,121.13,106.28,84.78
2015-06-02,119.44,105.54,84.77
2015-06-03,117.52,104.64,84.74
2015-06-04,119.05,105.15,84.75
2015-06-05,117.6,104.39,84.665
2015-06-08,117.47,104.54,84.72
2015-06-09,116.54,104.2,84.68
2015-06-10,115.52,103.8,84.66
2015-06-11,117.95,104.61,84.68
2015-06-12,117.97,104.56,84.66
2015-06-15,118.14,104.81,84.7
2015-06-16,119.06,105.21,84.73
2015-06-17,118.15,105.27,84.79
2015-06-18,117.6,105.19,84.81
2015-06-19,119.08,105.75,84.83
2015-06-22,116.65,104.86,84.77
2015-06-23,115.95,104.54,84.75
2015-06-24,116.95,104.85,84.79
2015-06-25,116.54,104.59,84.77
2015-06-26,115.23,104.09,84.72
2015-06-29,118.21,105.3,84.86
2015-06-30,117.53,105.01,84.86
2015-07-01,115.62,104.3,84.75
2015-07-02,116.07,104.67,84.88
2015-07-06,118.15,105.41,84.9
2015-07-07,119.26,105.69,84.89
2015-07-08,120.29,106.11,84.98
2015-07-09,117.92,105.37,84.92
2015-07-10,116.05,104.64,84.84
2015-07-13,115.69,104.36,84.8
2015-07-14,116.07,104.69,84.84
2015-07-15,117.29,105.09,84.87
2015-07-16,118.11,105.05,84.83
2015-07-17,118.72,105.06,84.81
2015-07-20,118.22,104.85,84.76
2015-07-21,118.86,105.14,84.77
2015-07-22,119.6,105.27,84.76
2015-07-23,121.09,105.7,84.77
2015-07-24,121.39,105.8,84.79
2015-07-27,122.04,106.15,84.85
2015-07-28,121.15,105.85,84.83
2015-07-29,120.74,105.7,84.81
2015-07-30,121.63,105.82,84.77
2015-07-31,122.53,106.44,84.86
2015-08-03,123.55,106.6,84.85
2015-08-04,122.57,106.05,84.72
2015-08-05,121.65,105.64,84.73
2015-08-06,122.73,106.01,84.75
2015-08-07,124.34,106.43,84.71
2015-08-10,122.8,105.99,84.71
2015-08-11,124.75,106.69,84.82
2015-08-12,124.07,106.65,84.82
2015-08-13,123.67,106.37,84.75
2015-08-14,123.96,106.26,84.71
2015-08-17,124.52,106.45,84.76
2015-08-18,123.54,106.28,84.75
2015-08-19,124.72,106.93,84.83
2015-08-20,126.02,107.22,84.8
2015-08-21,126.39,107.65,84.89
2015-08-24,126.34,107.83,84.93
2015-08-25,124.33,107.24,84.89
2015-08-26,121.9,106.58,84.84
2015-08-27,122.0,106.52,84.85
2015-08-28,122.36,106.54,84.81
2015-08-31,121.42,106.36,84.78
2015-09-01,122.03,106.67,84.77
2015-09-02,120.98,106.38,84.79
2015-09-03,121.51,106.64,84.79
2015-09-04,122.68,106.97,84.8
2015-09-08,120.87,106.5,84.77
2015-09-09,121.45,106.54,84.75
2015-09-10,120.63,106.3,84.78
2015-09-11,121.39,106.58,84.81
2015-09-14,121.58,106.68,84.79
2015-09-15,119.25,105.84,84.67
2015-09-16,118.8,105.81,84.66
2015-09-17,120.25,106.69,84.85
2015-09-18,122.1,107.19,84.89
2015-09-21,120.11,106.58,84.84
2015-09-22,121.78,107.11,84.89
2015-09-23,121.77,106.99,84.86
2015-09-24,122.6,107.15,84.91
2015-09-25,121.54,106.87,84.87
2015-09-28,123.62,107.48,84.93
2015-09-29,123.97,107.85,84.97
2015-09-30,123.54,107.87,84.99
2015-10-01,123.81,107.79,84.95
2015-10-02,124.56,108.31,85.07
2015-10-05,122.87,107.71,85.01
2015-10-06,123.4,107.93,85.0
2015-10-07,122.99,107.66,84.98
2015-10-08,121.96,107.38,84.96
2015-10-09,122.28,107.44,84.96
2015-10-12,123.21,107.8,84.94
2015-10-13,123.42,107.9,84.97
2015-10-14,124.5,108.49,85.09
2015-10-15,123.89,108.12,85.04
2015-10-16,123.93,108.03,85.0
2015-10-19,123.59,107.98,85.03
2015-10-20,122.83,107.61,84.98
2015-10-21,124.05,107.98,85.01
2015-10-22,124.26,108.09,85.04
2015-10-23,123.2,107.48,84.97
2015-10-26,124.02,107.76,84.97
2015-10-27,124.33,108.03,85.0
2015-10-28,123.83,107.47,84.89
2015-10-29,121.87,106.81,84.83
2015-10-30,122.78,107.02,84.83
2015-11-02,121.95,106.55,84.74
2015-11-03,120.95,106.27,84.73
2015-11-04,121.09,106.16,84.64
2015-11-05,120.77,106.09,84.64
2015-11-06,119.0,105.37,84.56
2015-11-09,118.33,105.19,84.54
2015-11-10,118.68,105.39,84.58
2015-11-11,118.43,105.34,84.56
2015-11-12,119.0,105.4,84.59
2015-11-13,119.68,105.8,84.66
2015-11-16,119.57,105.94,84.66
2015-11-17,119.77,105.91,84.63
2015-11-18,120.02,105.86,84.6
2015-11-19,120.82,106.09,84.58
2015-11-20,120.45,105.95,84.58
2015-11-23,120.82,106.09,84.57
2015-11-24,120.81,106.19,84.57
2015-11-25,121.09,106.25,84.58
2015-11-27,120.97,106.36,84.6
2015-11-30,121.45,106.4,84.57
2015-12-01,122.83,106.8,84.58
2015-12-02,122.87,106.5,84.51
2015-12-03,119.53,105.38,84.51
2015-12-04,120.58,105.77,84.53
2015-12-07,121.75,106.11,84.52
2015-12-08,121.81,106.17,84.51
2015-12-09,121.68,106.33,84.54
2015-12-10,121.84,106.1,84.49
2015-12-11,123.76,106.95,84.59
2015-12-14,122.16,106.16,84.49
2015-12-15,121.44,105.89,84.48
2015-12-16,121.18,105.61,84.41
2015-12-17,122.55,106.05,84.41
2015-12-18,123.23,106.43,84.52
2015-12-21,123.2,106.48,84.51
2015-12-22,122.31,106.18,84.49
2015-12-23,121.39,105.94,84.46
2015-12-24,121.83,105.97,84.45
2015-12-28,122.19,105.99,84.4
2015-12-29,120.16,105.43,84.38
2015-12-30,120.04,105.47,84.4
2015-12-31,120.58,105.59,84.36
2016-01-04,121.45,106.04,84.47
2016-01-05,120.96,106.01,84.42
2016-01-06,122.59,106.65,84.47
2016-01-07,122.81,106.88,84.5
2016-01-08,123.36,107.15,84.56
2016-01-11,122.01,106.81,84.59
2016-01-12,123.77,107.29,84.6
2016-01-13,124.99,107.71,84.65
2016-01-14,123.82,107.49,84.67
2016-01-15,125.75,107.99,84.74
2016-01-19,125.36,107.85,84.73
2016-01-20,126.68,108.38,84.79
2016-01-21,125.82,108.11,84.78
2016-01-22,125.34,107.87,84.75
2016-01-25,126.02,108.23,84.75
2016-01-26,126.08,108.31,84.79
2016-01-27,126.05,108.39,84.81
2016-01-28,126.23,108.53,84.81
2016-01-29,127.3,109.11,84.91
2016-02-01,126.67,108.7,84.82
2016-02-02,129.02,109.47,84.93
2016-02-03,127.95,109.35,84.95
2016-02-04,128.57,109.61,84.97
2016-02-05,128.72,109.75,84.95
2016-02-08,131.49,110.57,85.05
2016-02-09,131.63,110.59,85.02
2016-02-10,132.79,110.92,85.02
2016-02-11,133.72,111.43,85.1
2016-02-12,131.5,110.58,85.0
2016-02-16,130.11,110.25,84.95
2016-02-17,129.31,109.98,84.97
2016-02-18,130.9,110.49,85.04
2016-02-19,131.01,110.49,84.96
2016-02-22,130.94,110.38,84.97
2016-02-23,131.47,110.6,84.98
2016-02-24,131.21,110.6,85.0
2016-02-25,131.68,110.93,85.02
2016-02-26,130.41,110.39,84.91
2016-02-29,130.98,110.57,84.96
2016-03-01,128.43,109.55,84.8
2016-03-02,128.96,109.36,84.79
2016-03-03,129.43,109.49,84.82
2016-03-04,128.6,109.12,84.76
2016-03-07,128.56,108.9,84.7
2016-03-08,129.98,109.53,84.76
2016-03-09,129.19,109.1,84.73
2016-03-10,128.66,108.71,84.72
2016-03-11,127.36,108.4,84.64
2016-03-14,127.76,108.48,84.64
2016-03-15,127.88,108.46,84.67
2016-03-16,128.26,109.03,84.84
2016-03-17,128.79,109.15,84.83
2016-03-18,129.06,109.34,84.85
2016-03-21,128.07,109.03,84.84
2016-03-22,128.04,108.8,84.79
2016-03-23,129.49,109.3,84.84
2016-03-24,129.54,109.19,84.8
2016-03-28,129.71,109.35,84.82
2016-03-29,131.07,110.09,84.98
2016-03-30,129.69,109.94,84.99
2016-03-31,130.61,110.34,85.03
2016-04-01,130.68,110.14,84.93
2016-04-04,130.76,110.27,84.99
2016-04-05,132.19,110.71,85.02
2016-04-06,131.23,110.47,84.99
2016-04-07,132.85,111.04,85.04
2016-04-08,132.01,110.87,85.04
2016-04-11,131.84,110.85,85.03
2016-04-12,130.93,110.41,85.01
2016-04-13,131.39,110.49,84.97
2016-04-14,130.76,110.23,84.97
2016-04-15,131.88,110.56,85.03
2016-04-18,131.31,110.45,85.02
2016-04-19,130.9,110.27,84.99
2016-04-20,129.46,109.71,84.93
2016-04-21,128.69,109.53,84.91
2016-04-22,128.36,109.41,84.91
2016-04-25,127.83,109.29,84.89
2016-04-26,127.25,109.06,84.87
2016-04-27,128.52,109.66,84.93
2016-04-28,129.05,110.04,84.98
2016-04-29,129.38,110.0,85.01
2016-05-02,127.82,109.52,84.93
2016-05-03,129.43,110.17,85.02
2016-05-04,130.14,110.37,85.01
2016-05-05,131.01,110.67,85.04
2016-05-06,130.45,110.41,85.02
2016-05-09,130.86,110.62,85.06
2016-05-10,130.87,110.6,85.08
2016-05-11,131.61,110.77,85.05
2016-05-12,131.01,110.47,85.0
2016-05-13,132.28,110.89,85.01
2016-05-16,131.14,110.49,84.97
2016-05-17,131.36,110.34,84.94
2016-05-18,129.49,109.45,84.79
2016-05-19,130.05,109.56,84.81
2016-05-20,130.15,109.63,84.84
2016-05-23,130.44,109.7,84.83
2016-05-24,129.86,109.52,84.77
2016-05-25,129.37,109.47,84.82
2016-05-26,130.04,109.81,84.87
2016-05-27,129.85,109.6,84.82
2016-05-31,130.16,109.73,84.86
2016-06-01,130.42,109.53,84.75
2016-06-02,131.36,109.87,84.82
2016-06-03,133.23,110.89,84.96
2016-06-06,132.24,110.6,84.94
2016-06-07,132.56,110.76,84.96
2016-06-08,133.27,110.89,84.98
2016-06-09,134.13,111.06,85.0
2016-06-10,134.78,111.45,85.05
2016-06-13,135.38,111.67,85.07
2016-06-14,135.28,111.64,85.08
2016-06-15,135.8,111.98,85.18
2016-06-16,136.46,112.1,85.13
2016-06-17,135.61,111.72,85.14
2016-06-20,134.16,111.24,85.09
2016-06-21,133.54,110.99,85.03
2016-06-22,133.76,111.21,85.06
2016-06-23,132.23,110.68,85.03
2016-06-24,135.78,112.21,85.2
2016-06-27,139.17,113.18,85.28
2016-06-28,139.46,113.16,85.31
2016-06-29,138.39,112.7,85.28
2016-06-30,138.9,112.95,85.32
2016-07-01,140.57,113.09,85.3
2016-07-05,142.33,113.71,85.34
2016-07-06,142.56,113.73,85.3
2016-07-07,142.55,113.58,85.26
2016-07-08,143.6,113.8,85.26
2016-07-11,142.34,113.2,85.17
2016-07-12,140.0,112.53,85.14
2016-07-13,141.65,112.82,85.16
2016-07-14,139.59,112.35,85.11
2016-07-15,138.39,111.92,85.07
2016-07-18,138.26,111.89,85.12
2016-07-19,139.04,112.19,85.13
2016-07-20,138.28,111.96,85.09
2016-07-21,138.56,112.21,85.15
2016-07-22,138.8,112.12,85.12
2016-07-25,138.7,112.03,85.06
2016-07-26,138.92,112.1,85.07
2016-07-27,140.65,112.58,85.13
2016-07-28,140.39,112.64,85.12
2016-07-29,141.56,113.07,85.23
2016-08-01,139.77,112.52,85.15
2016-08-02,138.33,112.25,85.12
2016-08-03,138.41,112.31,85.13
2016-08-04,139.45,112.58,85.19
2016-08-05,138.0,111.88,85.07
2016-08-08,138.26,111.82,85.04
2016-08-09,139.62,112.22,85.09
2016-08-10,140.16,112.52,85.13
2016-08-11,138.91,111.98,85.05
2016-08-12,140.08,112.38,85.11
2016-08-15,138.76,112.05,85.09
2016-08-16,138.39,111.86,85.06
2016-08-17,139.22,112.04,85.06
2016-08-18,139.44,112.24,85.12
2016-08-19,138.71,111.86,85.04
2016-08-22,139.88,112.11,85.05
2016-08-23,140.03,112.1,85.06
2016-08-24,139.7,112.06,85.04
2016-08-25,139.17,111.88,85.01
2016-08-26,138.36,111.45,84.93
2016-08-29,140.21,111.91,84.98
2016-08-30,139.67,111.9,84.99
2016-08-31,139.87,111.77,84.98
2016-09-01,139.77,111.79,84.97
2016-09-02,138.63,111.5,84.97
2016-09-06,139.64,112.02,85.03
2016-09-07,139.54,112.08,85.03
2016-09-08,137.79,111.53,84.97
2016-09-09,135.52,111.0,84.94
2016-09-12,135.59,111.1,84.97
2016-09-13,134.05,110.69,84.94
2016-09-14,134.25,110.94,84.99
2016-09-15,133.67,110.97,85.06
2016-09-16,134.75,111.09,85.02
2016-09-19,134.31,110.9,85.0
2016-09-20,134.78,111.07,84.98
2016-09-21,135.87,111.25,85.0
2016-09-22,136.95,111.58,84.98
2016-09-23,136.82,111.63,85.03
2016-09-26,137.69,111.95,85.08
2016-09-27,138.7,112.14,85.09
2016-09-28,138.4,112.09,85.08
2016-09-29,138.75,112.16,85.11
2016-09-30,137.51,111.88,85.04
2016-10-03,136.81,111.47,84.98
2016-10-04,135.21,110.96,84.91
2016-10-05,134.58,110.71,84.86
2016-10-06,133.83,110.48,84.86
2016-10-07,133.92,110.64,84.89
2016-10-10,133.13,110.35,84.85
2016-10-11,132.83,110.32,84.84
2016-10-12,132.96,110.32,84.84
2016-10-13,133.46,110.55,84.87
2016-10-14,131.59,110.21,84.85
2016-10-17,132.43,110.45,84.92
2016-10-18,132.86,110.67,84.95
2016-10-19,132.97,110.72,84.95
2016-10-20,133.11,110.62,84.91
2016-10-21,133.31,110.74,84.93
2016-10-24,132.73,110.59,84.9
2016-10-25,133.08,110.57,84.9
2016-10-26,132.18,110.33,84.87
2016-10-27,130.74,109.95,84.89
2016-10-28,130.45,109.97,84.89
2016-10-31,131.25,110.06,84.95
2016-11-01,131.01,109.91,84.9
2016-11-02,131.58,110.24,84.95
2016-11-03,130.57,110.17,84.96
2016-11-04,131.74,110.51,84.99
2016-11-07,130.62,110.05,84.96
2016-11-08,130.09,109.66,84.87
2016-11-09,124.57,107.99,84.76
2016-11-10,122.73,107.34,84.73
2016-11-11,122.04,107.12,84.73
2016-11-14,121.31,106.5,84.6
2016-11-15,121.91,106.5,84.63
2016-11-16,123.01,106.6,84.62
2016-11-17,121.2,106.13,84.61
2016-11-18,120.85,105.66,84.56
2016-11-21,121.15,105.75,84.55
2016-11-22,121.11,105.85,84.53
2016-11-23,120.64,105.47,84.48
2016-11-25,120.82,105.38,84.47
2016-11-28,121.71,105.86,84.52
2016-11-29,122.22,105.97,84.53
2016-11-30,120.24,105.26,84.5
2016-12-01,118.73,104.71,84.41
2016-12-02,119.6,105.18,84.5
2016-12-05,119.47,105.14,84.5
2016-12-06,119.38,105.18,84.48
2016-12-07,120.4,105.53,84.51
2016-12-08,118.98,105.13,84.5
2016-12-09,117.5,104.59,84.49
2016-12-12,117.72,104.61,84.46
2016-12-13,118.14,104.67,84.45
2016-12-14,116.82,103.8,84.29
2016-12-15,117.41,103.51,84.25
2016-12-16,117.14,103.64,84.29
2016-12-19,118.4,104.12,84.33
2016-12-20,117.81,103.9,84.34
2016-12-21,118.33,104.07,84.38
2016-12-22,117.81,103.86,84.34
2016-12-23,118.05,103.96,84.34
2016-12-27,117.67,103.81,84.3
2016-12-28,118.53,104.19,84.33
2016-12-29,118.95,104.51,84.42
2016-12-30,119.13,104.82,84.45
2017-01-03,119.64,104.77,84.38
2017-01-04,120.1,104.89,84.4
2017-01-05,121.98,105.57,84.46
2017-01-06,120.86,105.09,84.39
2017-01-09,121.83,105.49,84.46
2017-01-10,121.75,105.44,84.43
2017-01-11,122.16,105.56,84.47
2017-01-12,121.89,105.62,84.5
2017-01-13,121.31,105.39,84.46
2017-01-17,122.58,105.92,84.52
2017-01-18,121.01,105.17,84.44
2017-01-19,120.18,104.77,84.41
2017-01-20,119.94,104.82,84.46
2017-01-23,121.14,105.37,84.54
2017-01-24,120.31,104.97,84.49
2017-01-25,118.8,104.45,84.47
2017-01-26,119.2,104.59,84.48
2017-01-27,119.63,104.72,84.52
2017-01-30,119.27,104.69,84.52
2017-01-31,120.1,105.05,84.54
2017-02-01,119.1,104.69,84.46
2017-02-02,119.05,104.73,84.49
2017-02-03,119.0,104.81,84.46
2017-02-06,119.72,105.31,84.55
2017-02-07,120.6,105.5,84.53
2017-02-08,122.24,105.93,84.61
2017-02-09,120.83,105.3,84.54
2017-02-10,120.76,105.23,84.53
2017-02-13,120.38,105.07,84.51
2017-02-14,119.51,104.69,84.45
2017-02-15,118.96,104.49,84.42
2017-02-16,119.61,104.91,84.46
2017-02-17,120.32,105.19,84.52
2017-02-21,120.11,105.14,84.53
2017-02-22,120.31,105.31,84.55
2017-02-23,120.67,105.59,84.59
2017-02-24,122.01,106.08,84.63
2017-02-27,121.29,105.7,84.56
2017-02-28,121.74,105.65,84.52
2017-03-01,119.47,104.77,84.4
2017-03-02,119.04,104.47,84.31
2017-03-03,119.35,104.57,84.33
2017-03-06,118.78,104.55,84.35
2017-03-07,118.42,104.4,84.32
2017-03-08,117.78,104.05,84.25
2017-03-09,116.84,103.76,84.24
2017-03-10,117.25,103.98,84.29
2017-03-13,116.51,103.72,84.25
2017-03-14,117.07,103.83,84.24
2017-03-15,118.5,104.74,84.4
2017-03-16,117.9,104.45,84.34
2017-03-17,118.64,104.73,84.38
2017-03-20,119.15,104.9877,84.4259
2017-03-21,120.14,105.33,84.47
2017-03-22,120.62,105.53,84.49
2017-03-23,120.45,105.42,84.49
2017-03-24,120.88,105.48,84.49
2017-03-27,121.43,105.74,84.52
2017-03-28,120.62,105.38,84.48
2017-03-29,121.34,105.68,84.53
2017-03-30,120.36,105.38,84.51
2017-03-31,120.71,105.59,84.52
2017-04-03,121.67,105.95,84.54
2017-04-04,121.01,105.8,84.51
2017-04-05,121.38,106.0,84.51
2017-04-06,121.2,105.93,84.53
2017-04-07,120.71,105.61,84.42
2017-04-10,121.27,105.8,84.46
2017-04-11,122.42,106.29,84.54
2017-04-12,123.09,106.62,84.6
2017-04-13,123.47,106.94,84.64
2017-04-17,123.09,106.77,84.63
2017-04-18,124.7,107.38,84.7
2017-04-19,124.02,107.1,84.66
2017-04-20,123.54,106.86,84.65
2017-04-21,123.54,106.91,84.69
2017-04-24,122.93,106.69,84.6
2017-04-25,121.45,106.14,84.52
2017-04-26,122.12,106.42,84.55
2017-04-27,122.08,106.49,84.58
2017-04-28,122.35,106.6,84.62
2017-05-01,121.08,106.21,84.5
2017-05-02,121.7,106.43,84.53
2017-05-03,121.78,106.21,84.47
2017-05-04,121.18,105.97,84.46
2017-05-05,121.29,105.99,84.49
2017-05-08,120.63,105.73,84.45
2017-05-09,120.62,105.61,84.41
2017-05-10,120.48,105.57,84.43
2017-05-11,120.48,105.65,84.44
2017-05-12,121.39,106.19,84.54
2017-05-15,121.06,106.12,84.53
2017-05-16,121.51,106.26,84.53
2017-05-17,123.28,107.11,84.62
2017-05-18,123.42,107.08,84.58
2017-05-19,123.71,107.05,84.6
2017-05-22,123.37,106.93,84.57
2017-05-23,122.54,106.65,84.54
2017-05-24,123.23,106.87,84.59
2017-05-25,123.27,106.93,84.59
2017-05-26,123.48,107.0,84.58
2017-05-30,124.09,107.27,84.61
2017-05-31,124.4,107.32,84.62
2017-06-01,124.15,107.1,84.54
2017-06-02,125.62,107.57,84.6
2017-06-05,124.84,107.39,84.53
2017-06-06,125.52,107.73,84.56
2017-06-07,124.92,107.53,84.53
2017-06-08,124.59,107.36,84.51
2017-06-09,124.4,107.26,84.48
2017-06-12,124.36,107.24,84.47
2017-06-13,124.38,107.28,84.47
2017-06-14,126.3,107.84,84.51
2017-06-15,126.1,107.65,84.48
2017-06-16,126.35,107.71,84.52
2017-06-19,126.17,107.41,84.47
2017-06-20,127.3,107.68,84.48
2017-06-21,127.56,107.67,84.49
2017-06-22,127.84,107.77,84.5
2017-06-23,127.78,107.8,84.55
2017-06-26,128.26,107.89,84.55
2017-06-27,126.89,107.36,84.5
2017-06-28,126.47,107.26,84.54
2017-06-29,125.41,106.86,84.49
2017-06-30,125.12,106.61,84.49
2017-07-03,124.46,106.06,84.36
2017-07-05,124.49,106.14,84.39
2017-07-06,123.46,105.94,84.41
2017-07-07,122.72,105.77,84.4
2017-07-10,122.9,105.91,84.44
2017-07-11,123.11,106.05,84.47
2017-07-12,123.96,106.36,84.51
2017-07-13,123.18,106.25,84.47
2017-07-14,123.33,106.4,84.51
2017-07-17,123.67,106.53,84.52
2017-07-18,124.75,106.92,84.54
2017-07-19,124.8,106.92,84.54
2017-07-20,125.16,106.95,84.54
2017-07-21,125.69,107.14,84.58
2017-07-24,125.2,107.07,84.55
2017-07-25,123.57,106.47,84.5
2017-07-26,123.77,106.81,84.56
2017-07-27,123.16,106.64,84.54
2017-07-28,123.89,106.82,84.59
2017-07-31,124.04,106.85,84.58
2017-08-01,124.64,106.95,84.54
2017-08-02,124.71,106.85,84.5
2017-08-03,126.0,107.22,84.53
2017-08-04,124.93,106.93,84.5
2017-08-07,125.07,106.99,84.53
2017-08-08,124.62,106.9,84.53
2017-08-09,125.3,107.03,84.52
2017-08-10,126.37,107.43,84.55
2017-08-11,126.43,107.55,84.66
2017-08-14,125.78,107.29,84.59
2017-08-15,125.25,106.97,84.55
2017-08-16,125.71,107.17,84.6
2017-08-17,126.65,107.55,84.62
2017-08-18,126.62,107.57,84.61
2017-08-21,126.93,107.64,84.63
2017-08-22,126.44,107.43,84.62
2017-08-23,127.3,107.8,84.7
2017-08-24,126.83,107.63,84.62
2017-08-25,127.32,107.81,84.65
2017-08-28,127.24,107.91,84.62
2017-08-29,127.65,108.16,84.66
2017-08-30,127.61,108.07,84.68
2017-08-31,127.99,108.24,84.68
2017-09-01,126.75,107.76,84.59
2017-09-05,128.76,108.51,84.67
2017-09-06,127.97,108.25,84.66
2017-09-07,129.28,108.72,84.71
2017-09-08,129.0,108.64,84.69
2017-09-11,127.46,108.02,84.61
2017-09-12,126.79,107.76,84.57
2017-09-13,126.29,107.54,84.55
2017-09-14,126.81,107.56,84.56
2017-09-15,126.86,107.69,84.55
2017-09-18,126.13,107.27,84.5
2017-09-19,125.82,107.15,84.51
2017-09-20,125.91,106.94,84.44
2017-09-21,125.84,106.8,84.42
2017-09-22,126.2,106.99,84.44
2017-09-25,126.99,107.31,84.49
2017-09-26,126.76,107.22,84.47
2017-09-27,124.85,106.67,84.46
2017-09-28,124.48,106.65,84.47
2017-09-29,124.76,106.52,84.45
2017-10-02,124.28,106.24,84.44
2017-10-03,124.4,106.39,84.39
2017-10-04,124.41,106.36,84.55
2017-10-05,123.94,106.25,84.37
2017-10-06,123.59,106.12,84.34
2017-10-09,123.98,106.24,84.34
2017-10-10,124.18,106.28,84.36
2017-10-11,124.42,106.4,84.35
2017-10-12,124.95,106.5,84.34
2017-10-13,125.85,106.86,84.39
2017-10-16,125.76,106.68,84.31
2017-10-17,125.92,106.64,84.32
2017-10-18,125.09,106.37,84.29
2017-10-19,125.31,106.48,84.34
2017-10-20,123.98,106.04,84.29
2017-10-23,124.2,106.14,84.29
2017-10-24,123.43,105.82,84.27
2017-10-25,122.84,105.65,84.25
2017-10-26,122.43,105.51,84.25
2017-10-27,123.24,105.85,84.31
2017-10-30,124.42,106.23,84.35
2017-10-31,124.46,106.16,84.3
2017-11-01,124.75,106.06,84.21
2017-11-02,125.3,106.2,84.23
2017-11-03,125.64,106.37,84.18
2017-11-06,126.11,106.5,84.23
2017-11-07,126.64,106.54,84.19
2017-11-08,126.36,106.41,84.18
2017-11-09,126.0,106.37,84.17
2017-11-10,124.1,105.83,84.14
2017-11-13,124.36,105.78,84.13
2017-11-14,125.2,105.93,84.15
2017-11-15,126.56,106.31,84.12
2017-11-16,125.46,106.04,84.13
2017-11-17,126.39,106.18,84.08
2017-11-20,126.34,106.01,84.05
2017-11-21,126.74,106.03,84.03
2017-11-22,127.15,106.37,84.1
2017-11-24,126.8,106.28,84.1
2017-11-27,126.62,106.35,84.1
2017-11-28,126.79,106.37,84.11
2017-11-29,125.54,106.03,84.09
2017-11-30,125.12,105.7,84.04
2017-12-01,126.55,105.93,83.98
2017-12-04,126.61,105.88,83.93
2017-12-05,127.24,105.96,83.92
2017-12-06,127.68,106.18,83.96
2017-12-07,126.68,105.99,83.97
2017-12-08,126.69,105.91,83.97
2017-12-11,126.43,105.84,83.93
2017-12-12,126.38,105.75,83.93
2017-12-13,127.33,106.18,84.02
2017-12-14,127.87,106.14,83.99
2017-12-15,128.35,106.12,83.95
2017-12-18,127.18,105.88,83.95
2017-12-19,125.53,105.4,83.91
2017-12-20,124.14,105.09,83.92
2017-12-21,124.6,105.0,83.82
2017-12-22,124.77,105.04,83.79
2017-12-26,125.14,105.08,83.78
2017-12-27,126.77,105.53,83.82
2017-12-28,126.66,105.4,83.83
2017-12-29,126.86,105.57,83.85
2018-01-02,125.49,105.22,83.82
2018-01-03,126.09,105.33,83.82
2018-01-04,126.07,105.28,83.78
2018-01-05,125.71,105.15,83.78
2018-01-08,125.63,105.1,83.78
2018-01-09,123.95,104.6,83.75
2018-01-10,123.8,104.57,83.78
2018-01-11,124.31,104.64,83.75
2018-01-12,124.52,104.57,83.74
2018-01-16,125.04,104.62,83.73
2018-01-17,124.87,104.39,83.7
2018-01-18,123.71,104.06,83.68
2018-01-19,123.06,103.79,83.71
2018-01-22,123.18,103.75,83.67
2018-01-23,123.71,104.05,83.72
2018-01-24,123.04,103.85,83.7
2018-01-25,124.05,104.08,83.68
2018-01-26,123.59,103.77,83.63
2018-01-29,122.73,103.51,83.6
2018-01-30,122.01,103.27,83.61
2018-01-31,122.73,103.3,83.61
2018-02-01,120.7,102.6,83.49
2018-02-02,119.58,102.22,83.5
2018-02-05,120.71,103.06,83.65
2018-02-06,119.96,102.61,83.59
2018-02-07,118.82,102.31,83.53
2018-02-08,118.69,102.4,83.54
2018-02-09,117.94,102.22,83.61
2018-02-12,118.46,102.19,83.57
2018-02-13,118.99,102.36,83.57
2018-02-14,117.67,101.74,83.45
2018-02-15,118.07,101.77,83.42
2018-02-16,118.71,102.01,83.44
2018-02-20,118.19,101.9,83.43
2018-02-21,116.74,101.6,83.44
2018-02-22,117.09,101.74,83.45
2018-02-23,118.13,102.13,83.47
2018-02-26,118.17,102.25,83.48
2018-02-27,118.0,101.93,83.42
2018-02-28,118.75,102.17,83.44
2018-03-01,119.32,102.45,83.47
2018-03-02,118.35,102.07,83.43
2018-03-05,118.03,101.94,83.43
2018-03-06,118.14,101.93,83.41
2018-03-07,118.01,101.93,83.41
2018-03-08,118.69,102.14,83.43
2018-03-09,117.91,101.92,83.39
2018-03-12,118.59,102.16,83.43
2018-03-13,119.19,102.33,83.45
2018-03-14,120.24,102.53,83.44
2018-03-15,120.24,102.49,83.45
2018-03-16,119.81,102.37,83.41
2018-03-19,119.43,102.27,83.41
2018-03-20,118.95,102.07,83.38
2018-03-21,119.08,102.14,83.44
2018-03-22,120.26,102.56,83.48
2018-03-23,120.17,102.7,83.5
2018-03-26,119.71,102.42,83.46
2018-03-27,120.99,103.0,83.52
2018-03-28,121.31,102.98,83.53
2018-03-29,121.9,103.19,83.56
2018-04-02,121.88,103.12,83.49
2018-04-03,120.94,102.79,83.45
2018-04-04,120.69,102.73,83.4
2018-04-05,119.79,102.47,83.42
2018-04-06,121.1,102.92,83.49
2018-04-09,121.3,102.94,83.48
2018-04-10,121.08,102.76,83.44
2018-04-11,121.51,102.86,83.44
2018-04-12,120.62,102.49,83.39
2018-04-13,120.9,102.58,83.37
2018-04-16,120.94,102.53,83.36
2018-04-17,121.27,102.59,83.36
2018-04-18,120.3,102.19,83.29
2018-04-19,119.32,101.91,83.29
2018-04-20,118.46,101.57,83.26
2018-04-23,118.49,101.47,83.25
2018-04-24,117.95,101.35,83.27
2018-04-25,117.16,101.13,83.26
2018-04-26,117.98,101.42,83.28
2018-04-27,118.89,101.59,83.3
2018-04-30,119.1,101.7,83.27
2018-05-01,118.41,101.35,83.13
2018-05-02,118.28,101.37,83.16
2018-05-03,118.81,101.63,83.22
2018-05-04,118.99,101.64,83.19
2018-05-07,118.8,101.59,83.19
2018-05-08,118.69,101.42,83.2
2018-05-09,117.98,101.19,83.16
2018-05-10,118.93,101.4,83.16
2018-05-11,119.23,101.41,83.16
2018-05-14,118.6,101.19,83.16
2018-05-15,117.25,100.63,83.11
2018-05-16,116.8,100.42,83.11
2018-05-17,116.21,100.36,83.13
2018-05-18,117.21,100.75,83.17
2018-05-21,117.27,100.82,83.17
2018-05-22,117.09,100.78,83.17
2018-05-23,117.94,101.24,83.24
2018-05-24,118.88,101.5,83.29
2018-05-25,119.62,101.9,83.36
2018-05-29,122.24,103.0,83.6
2018-05-30,121.42,102.56,83.5
2018-05-31,121.22,102.51,83.46
2018-06-01,120.3,101.93,83.27
2018-06-04,119.43,101.57,83.2
2018-06-05,119.71,101.83,83.25
2018-06-06,118.74,101.42,83.22
2018-06-07,119.89,101.85,83.3
2018-06-08,119.53,101.71,83.28
2018-06-11,119.31,101.61,83.25
2018-06-12,119.34,101.55,83.21
2018-06-13,119.28,101.43,83.17
2018-06-14,120.27,101.75,83.2
2018-06-15,120.38,101.83,83.24
2018-06-18,120.27,101.88,83.26
2018-06-19,120.97,102.15,83.29
2018-06-20,119.91,101.82,83.25
2018-06-21,120.54,102.09,83.3
2018-06-22,120.53,102.11,83.31
2018-06-25,120.8,102.25,83.34
2018-06-26,120.97,102.3,83.34
2018-06-27,122.11,102.69,83.39
2018-06-28,122.14,102.59,83.39
2018-06-29,121.72,102.51,83.37
2018-07-02,121.35,102.25,83.23
2018-07-03,122.0,102.51,83.26
2018-07-05,122.35,102.52,83.25
2018-07-06,122.75,102.61,83.27
2018-07-09,121.96,102.35,83.22
2018-07-10,121.95,102.27,83.21
2018-07-11,122.42,102.48,83.24
2018-07-12,122.41,102.44,83.23
2018-07-13,122.72,102.61,83.25
2018-07-16,122.21,102.44,83.23
2018-07-17,121.98,102.38,83.22
2018-07-18,121.49,102.3,83.21
2018-07-19,122.26,102.58,83.25
2018-07-20,120.76,102.22,83.25
2018-07-23,119.27,101.72,83.2
2018-07-24,119.68,101.79,83.21
2018-07-25,119.49,101.72,83.18
2018-07-26,119.26,101.61,83.18
2018-07-27,119.46,101.77,83.19
2018-07-30,119.05,101.64,83.19
2018-07-31,119.7,101.78,83.19
2018-08-01,118.46,101.34,83.06
2018-08-02,118.63,101.46,83.11
2018-08-03,119.22,101.72,83.12
2018-08-06,119.29,101.77,83.14
2018-08-07,118.67,101.56,83.11
2018-08-08,118.79,101.65,83.12
2018-08-09,119.79,101.93,83.17
2018-08-10,120.66,102.37,83.25
2018-08-13,120.41,102.34,83.23
2018-08-14,120.14,102.24,83.23
2018-08-15,120.84,102.49,83.27
2018-08-16,120.83,102.46,83.25
2018-08-17,120.98,102.5,83.28
2018-08-20,121.79,102.82,83.33
2018-08-21,121.38,102.68,83.31
2018-08-22,121.86,102.87,83.33
2018-08-23,122.05,102.86,83.32
2018-08-24,122.29,102.89,83.33
2018-08-27,121.59,102.66,83.3
2018-08-28,120.86,102.43,83.27
2018-08-29,121.02,102.4,83.26
2018-08-30,121.28,102.59,83.32
2018-08-31,121.0,102.61,83.34
2018-09-04,120.03,102.17,83.19
2018-09-05,119.71,102.16,83.19
2018-09-06,120.15,102.37,83.22
2018-09-07,119.13,101.91,83.13
2018-09-10,119.57,101.97,83.14
2018-09-11,118.66,101.6,83.09
2018-09-12,118.94,101.72,83.09
2018-09-13,119.12,101.71,83.1
2018-09-14,118.55,101.52,83.07
2018-09-17,118.55,101.54,83.05
2018-09-18,117.31,101.12,83.04
2018-09-19,116.61,100.95,83.02
2018-09-20,117.15,100.96,83.05
2018-09-21,117.1,101.0,83.03
2018-09-24,116.8,100.89,83.03
2018-09-25,116.68,100.79,83.04
2018-09-26,117.5,101.12,83.05
2018-09-27,117.58,101.12,83.05
2018-09-28,117.27,101.17,83.09
2018-10-01,116.15,100.71,82.93
2018-10-02,116.86,100.97,82.96
2018-10-03,114.83,100.22,82.92
2018-10-04,114.02,99.96,82.9
2018-10-05,113.04,99.72,82.89
2018-10-08,112.66,99.76,82.87
2018-10-09,113.8,99.95,82.9
2018-10-10,113.49,100.0,82.92
2018-10-11,114.87,100.41,82.95
2018-10-12,114.47,100.29,82.95
2018-10-15,114.42,100.35,82.98
2018-10-16,114.68,100.34,82.95
2018-10-17,114.0,100.05,82.945
2018-10-18,113.96,100.23,83.0
2018-10-19,113.71,100.11,82.95
2018-10-22,113.56,100.13,82.93
2018-10-23,113.92,100.39,82.98
2018-10-24,114.78,100.93,83.11
2018-10-25,114.3,100.69,83.08
2018-10-26,114.99,101.14,83.13
2018-10-29,114.73,101.13,83.16
2018-10-30,114.16,100.91,83.12
2018-10-31,113.58,100.66,83.08
2018-11-01,113.41,100.53,82.98
2018-11-02,112.0,99.97,82.88
2018-11-05,112.44,100.03,82.91
2018-11-06,112.37,99.92,82.89
2018-11-07,112.52,99.92,82.86
2018-11-08,112.51,99.78,82.85
2018-11-09,113.35,100.17,82.89
2018-11-12,114.09,100.47,82.95
2018-11-13,114.02,100.55,82.96
2018-11-14,114.09,100.76,83.02
2018-11-15,114.04,100.83,83.06
2018-11-16,114.7,101.14,83.12
2018-11-19,115.02,101.29,83.19
2018-11-20,115.06,101.27,83.17
2018-11-21,115.02,101.25,83.17
2018-11-23,115.14,101.31,83.15
2018-11-26,114.88,101.23,83.16
2018-11-27,115.01,101.33,83.17
2018-11-28,114.45,101.32,83.2
2018-11-29,114.9,101.58,83.22
2018-11-30,115.33,101.78,83.25
2018-12-03,115.88,101.79,83.04
2018-12-04,117.82,102.26,83.1
2018-12-06,118.19,102.52,83.18
2018-12-07,118.41,102.82,83.27
2018-12-10,118.9,102.88,83.27
2018-12-11,118.88,102.62,83.19
2018-12-12,118.35,102.34,83.18
2018-12-13,118.07,102.4,83.26
2018-12-14,118.48,102.56,83.31
2018-12-17,119.17,102.86,83.39
2018-12-18,119.6,102.9,83.32
2018-12-19,121.18,103.26,83.34
2018-12-20,120.74,103.13,83.33
2018-12-21,120.72,103.22,83.39
2018-12-24,121.32,103.48,83.46
2018-12-26,120.02,102.99,83.38
2018-12-27,120.04,103.25,83.47
2018-12-28,121.05,103.81,83.59
2018-12-31,121.51,104.2,83.62
2019-01-02,122.15,104.42,83.63
2019-01-03,123.54,105.25,83.8
2019-01-04,122.11,104.4,83.62
2019-01-07,121.75,104.11,83.56
2019-01-08,121.43,103.85,83.51
2019-01-09,121.24,103.91,83.55
2019-01-10,120.46,103.86,83.56
2019-01-11,120.93,104.17,83.61
2019-01-14,120.48,104.11,83.61
2019-01-15,120.04,104.01,83.64
2019-01-16,120.16,103.95,83.62
2019-01-17,120.19,103.76,83.61
2019-01-18,119.56,103.43,83.54
2019-01-22,120.37,103.79,83.61
2019-01-23,120.32,103.74,83.59
2019-01-24,121.11,104.07,83.66
2019-01-25,120.53,103.83,83.6
2019-01-28,120.41,103.86,83.61
2019-01-29,121.02,104.16,83.65
2019-01-30,120.93,104.4,83.76
2019-01-31,121.97,104.88,83.83
2019-02-01,120.96,104.1,83.58
2019-02-04,120.42,103.87,83.58
2019-02-05,120.97,104.05,83.58
2019-02-06,121.03,104.13,83.62
2019-02-07,121.83,104.47,83.68
2019-02-08,122.35,104.61,83.71
2019-02-11,121.87,104.45,83.68
2019-02-12,121.56,104.31,83.67
2019-02-13,121.1,104.05,83.61
2019-02-14,121.79,104.54,83.72
2019-02-15,121.98,104.44,83.68
2019-02-19,122.29,104.62,83.74
2019-02-20,121.94,104.6,83.73
2019-02-21,120.85,104.29,83.7
2019-02-22,121.57,104.6,83.76
2019-02-25,121.21,104.44,83.75
2019-02-26,121.81,104.75,83.79
2019-02-27,120.43,104.38,83.77
2019-02-28,120.02,104.11,83.75
2019-03-01,118.66,103.57,83.54
2019-03-04,119.59,103.89,83.56
2019-03-05,119.84,103.95,83.57
2019-03-06,120.28,104.24,83.63
2019-03-07,121.06,104.59,83.7
2019-03-08,121.57,104.74,83.73
2019-03-11,121.21,104.66,83.71
2019-03-12,122.06,104.95,83.74
2019-03-13,121.83,104.91,83.75
2019-03-14,120.95,104.76,83.77
2019-03-15,121.75,105.09,83.8
2019-03-18,121.68,104.95,83.78
2019-03-19,121.41,104.88,83.77
2019-03-20,122.68,105.61,83.89
2019-03-21,122.95,105.56,83.89
2019-03-22,124.86,106.34,84.03
2019-03-25,125.06,106.61,84.12
2019-03-26,124.97,106.52,84.11
2019-03-27,126.12,106.83,84.18
2019-03-28,126.56,106.84,84.17
2019-03-29,126.44,106.67,84.12
2019-04-01,124.37,105.72,83.87
2019-04-02,124.6,105.9,83.91
2019-04-03,123.52,105.57,83.87
2019-04-04,123.87,105.68,83.89
2019-04-05,124.03,105.73,83.88
2019-04-08,123.59,105.56,83.86
2019-04-09,123.98,105.75,83.87
2019-04-10,124.28,106.0,83.94
2019-04-11,123.55,105.76,83.89
2019-04-12,122.67,105.27,83.84
2019-04-15,122.98,105.41,83.85
2019-04-16,122.21,105.05,83.84
2019-04-17,122.26,105.07,83.87
2019-04-18,122.9,105.32,83.89
2019-04-22,122.31,105.17,83.9
2019-04-23,122.57,105.36,83.94
2019-04-24,123.57,105.76,83.99
2019-04-25,123.39,105.63,83.99
2019-04-26,123.81,105.91,84.08
2019-04-29,123.02,105.69,84.05
2019-04-30,123.65,105.9,84.11
2019-05-01,123.9,105.64,83.88
2019-05-02,123.31,105.34,83.84
2019-05-03,123.66,105.48,83.87
2019-05-06,124.0,105.75,83.92
2019-05-07,124.95,106.11,83.96
2019-05-08,124.41,105.91,83.95
2019-05-09,124.92,106.19,84.0
2019-05-10,124.75,106.12,84.02
2019-05-13,125.73,106.65,84.12
2019-05-14,125.36,106.55,84.12
2019-05-15,126.13,106.89,84.18
2019-05-16,125.71,106.68,84.13
2019-05-17,125.99,106.73,84.15
2019-05-20,125.73,106.55,84.11
2019-05-21,125.53,106.43,84.07
2019-05-22,126.25,106.75,84.11
2019-05-23,127.67,107.4,84.26
2019-05-24,127.78,107.37,84.23
2019-05-28,128.7,107.84,84.3
2019-05-29,129.09,107.8,84.31
2019-05-30,130.2,108.19,84.38
2019-05-31,131.83,108.91,84.56
2019-06-03,132.44,109.22,84.55
2019-06-04,130.93,108.82,84.49
2019-06-05,130.19,108.82,84.53
2019-06-06,130.61,108.8,84.48
2019-06-07,131.74,109.23,84.57
2019-06-10,130.5,108.685,84.49
2019-06-11,130.58,108.69,84.46
2019-06-12,130.68,108.97,84.53
2019-06-13,131.13,109.24,84.62
2019-06-14,131.46,109.32,84.59
2019-06-17,131.69,109.3,84.55
2019-06-18,132.35,109.51,84.56
2019-06-19,132.54,109.81,84.74
2019-06-20,132.89,109.99,84.78
2019-06-21,131.43,109.54,84.74
2019-06-24,132.41,109.92,84.79
2019-06-25,132.82,110.09,84.81
2019-06-26,131.97,109.64,84.71
2019-06-27,132.9,109.97,84.78
2019-06-28,132.81,110.02,84.78
2019-07-01,132.24,109.69,84.57
2019-07-02,133.26,110.08,84.62
2019-07-03,134.21,110.29,84.64
2019-07-05,132.43,109.59,84.47
2019-07-08,132.61,109.48,84.43
2019-07-09,132.56,109.41,84.4
2019-07-10,131.83,109.47,84.55
2019-07-11,130.07,108.93,84.51
2019-07-12,130.22,109.05,84.52
2019-07-15,130.97,109.28,84.54
2019-07-16,130.58,109.04,84.51
2019-07-17,131.99,109.55,84.59
2019-07-18,132.0,109.82,84.69
2019-07-19,131.69,109.62,84.6
2019-07-22,131.94,109.67,84.61
2019-07-23,131.22,109.49,84.59
2019-07-24,131.79,109.65,84.61
2019-07-25,131.16,109.46,84.56
2019-07-26,131.47,109.44,84.57
2019-07-29,131.51,109.54,84.57
2019-07-30,131.83,109.59,84.58
2019-07-31,132.89,109.87,84.57
2019-08-01,135.26,110.92,84.66
2019-08-02,136.51,111.15,84.68
2019-08-05,138.87,112.11,84.85
2019-08-06,139.98,112.29,84.89
2019-08-07,140.03,112.29,84.9
2019-08-08,140.33,112.3,84.87
2019-08-09,140.05,112.13,84.82
2019-08-12,142.97,112.84,84.91
2019-08-13,142.48,112.44,84.81
2019-08-14,145.69,113.19,84.92
2019-08-15,147.31,113.91,85.1
2019-08-16,146.13,113.61,85.09
2019-08-19,144.04,113.07,85.0
2019-08-20,145.53,113.57,85.06
2019-08-21,144.56,113.27,84.98
2019-08-22,143.6,113.02,84.94
2019-08-23,145.96,113.78,85.08
2019-08-26,145.37,113.67,85.04
2019-08-27,147.61,114.16,85.07
2019-08-28,147.8,114.2,85.09
2019-08-29,147.24,113.98,85.05
2019-08-30,147.28,114.01,85.08
2019-09-03,147.21,114.07,85.0
2019-09-04,147.43,114.25,85.07
2019-09-05,144.76,113.33,84.88
2019-09-06,145.79,113.4,84.89
2019-09-09,143.2,112.7,84.8
2019-09-10,140.69,111.88,84.66
2019-09-11,140.44,111.77,84.66
2019-09-12,139.52,111.52,84.64
2019-09-13,136.54,110.5,84.5
2019-09-16,138.28,110.98,84.57
2019-09-17,139.03,111.27,84.61
2019-09-18,139.62,111.31,84.56
2019-09-19,140.04,111.36,84.57
2019-09-20,141.89,112.0,84.66
2019-09-23,141.86,112.16,84.71
2019-09-24,143.57,112.72,84.8
2019-09-25,141.47,111.98,84.69
2019-09-26,142.38,112.22,84.73
2019-09-27,142.73,112.38,84.78
2019-09-30,143.08,112.47,84.82
2019-10-01,143.26,112.61,84.78
2019-10-02,143.61,113.0,84.87
2019-10-03,144.92,113.59,85.05
2019-10-04,145.99,113.81,85.04
2019-10-07,144.78,113.43,84.95
2019-10-08,145.17,113.67,85.0
2019-10-09,144.35,113.38,84.95
2019-10-10,142.2,112.67,84.85
2019-10-11,140.44,111.9,84.77
2019-10-14,141.46,112.21,84.78
2019-10-15,139.75,111.67,84.76
2019-10-16,139.92,111.89,84.8
2019-10-17,139.58,111.85,84.8
2019-10-18,139.58,111.95,84.83
2019-10-21,138.53,111.54,84.79
2019-10-22,139.34,111.8,84.82
2019-10-23,139.48,111.84,84.81
2019-10-24,139.2,111.82,84.81
2019-10-25,138.52,111.58,84.76
2019-10-28,137.26,111.16,84.73
2019-10-29,137.35,111.26,84.75
2019-10-30,139.36,111.8,84.8
2019-10-31,141.24,112.51,84.95
2019-11-01,140.56,112.13,84.76
2019-11-04,138.71,111.56,84.7
2019-11-05,137.15,110.96,84.64
2019-11-06,137.98,111.28,84.69
2019-11-07,135.48,110.39,84.59
2019-11-08,134.91,110.24,84.6
2019-11-11,135.0,110.36,84.62
2019-11-12,135.62,110.41,84.63
2019-11-13,136.5,110.71,84.67
2019-11-14,137.91,111.27,84.75
2019-11-15,137.76,111.18,84.72
2019-11-18,138.01,111.37,84.76
2019-11-19,139.16,111.58,84.75
2019-11-20,140.6,111.99,84.79
2019-11-21,139.72,111.71,84.75
2019-11-22,139.9,111.69,84.74
2019-11-25,140.31,111.74,84.75
2019-11-26,141.13,111.95,84.79
2019-11-27,140.72,111.66,84.74
2019-11-29,140.42,111.57,84.77
2019-12-02,138.31,111.01,84.61
2019-12-03,141.21,112.0,84.73
2019-12-04,139.8,111.57,84.69
2019-12-05,139.12,111.31,84.65
2019-12-06,138.35,110.97,84.62
2019-12-09,138.65,111.06,84.62
2019-12-10,138.66,110.93,84.58
2019-12-11,139.75,111.39,84.65
2019-12-12,137.45,110.51,84.57
2019-12-13,139.04,111.16,84.67
2019-12-16,137.79,110.64,84.62
2019-12-17,137.6,110.65,84.64
2019-12-18,136.47,110.35,84.65
2019-12-19,136.47,110.28,84.53
2019-12-20,136.65,110.28,84.53
2019-12-23,136.45,110.18,84.51
2019-12-24,136.84,110.37,84.52
2019-12-26,137.17,110.53,84.55
2019-12-27,137.32,110.69,84.61
2019-12-30,136.82,110.62,84.64
2019-12-31,135.48,110.22,84.63
2020-01-02,137.01,110.73,84.67
2020-01-03,139.12,111.47,84.74
2020-01-06,138.33,111.35,84.71
2020-01-07,137.65,111.19,84.71
2020-01-08,136.74,110.93,84.67
2020-01-09,137.22,111.01,84.68
2020-01-10,138.44,111.25,84.7
2020-01-13,138.02,111.12,84.69
2020-01-14,138.73,111.34,84.7
2020-01-15,139.65,111.62,84.74
2020-01-16,139.21,111.39,84.74
2020-01-17,138.02,111.3,84.77
2020-01-21,139.47,111.74,84.79
2020-01-22,139.96,111.76,84.81
2020-01-23,140.94,112.04,84.84
2020-01-24,142.08,112.44,84.87
2020-01-27,144.29,113.2,84.96
2020-01-28,143.16,112.82,84.92
2020-01-29,144.56,113.36,85.0
2020-01-30,144.58,113.47,85.01
2020-01-31,145.9,114.04,85.12
2020-02-03,145.54,113.79,84.96
2020-02-04,143.58,113.13,84.87
2020-02-05,142.01,112.64,84.81
2020-02-06,142.65,112.72,84.83
2020-02-07,144.43,113.26,84.88
2020-02-10,144.83,113.48,84.92
2020-02-11,144.1,113.21,84.88
2020-02-12,143.37,112.92,84.84
2020-02-13,143.92,113.02,84.86
2020-02-14,144.55,113.3,84.9
2020-02-18,145.54,113.48,84.93
2020-02-19,145.53,113.46,84.94
2020-02-20,146.67,113.79,84.96
2020-02-21,148.04,114.25,85.03
2020-02-24,150.25,115.14,85.17
2020-02-25,151.05,115.46,85.26
2020-02-26,150.25,115.4,85.32
2020-02-27,151.88,115.96,85.42
2020-02-28,155.31,117.26,85.73
2020-03-02,153.94,117.04,85.57
2020-03-03,156.33,118.4,85.91
2020-03-04,154.67,118.14,85.92
2020-03-05,158.52,119.19,86.1
2020-03-06,166.77,120.4,86.2
2020-03-09,171.29,121.48,86.67
2020-03-10,162.51,119.25,86.29
2020-03-11,156.53,118.06,86.19
2020-03-12,157.5,118.12,86.17
2020-03-13,153.94,117.35,86.28
2020-03-16,163.91,120.45,86.42
2020-03-17,152.98,117.43,86.22
2020-03-18,144.35,115.8,86.11
2020-03-19,148.28,116.18,86.26
2020-03-20,159.43,119.14,86.49
2020-03-23,166.0,120.55,86.59
2020-03-24,162.91,119.73,86.47
2020-03-25,162.54,119.8,86.57
2020-03-26,163.34,120.09,86.67
2020-03-27,167.7,120.98,86.65
2020-03-30,166.32,121.26,86.69
2020-03-31,164.97,121.48,86.67
2020-04-01,167.04,121.83,86.62
2020-04-02,168.1,121.85,86.64
2020-04-03,168.5,121.94,86.62
2020-04-06,168.06,121.39,86.56
2020-04-07,166.3,120.85,86.54
2020-04-08,165.09,120.7,86.59
2020-04-09,165.39,120.96,86.62
2020-04-13,163.88,120.7,86.63
2020-04-14,163.84,120.86,86.63
2020-04-15,168.18,121.94,86.66
2020-04-16,170.09,122.07,86.68
2020-04-17,167.81,121.75,86.65
2020-04-20,169.16,122.07,86.65
2020-04-21,171.29,122.41,86.67
2020-04-22,169.54,122.03,86.64
2020-04-23,170.44,122.11,86.63
2020-04-24,170.84,122.14,86.63
2020-04-27,167.66,121.49,86.63
2020-04-28,169.59,122.02,86.66
2020-04-29,168.71,121.96,86.65
2020-04-30,166.74,121.67,86.8
2020-05-01,167.95,121.71,86.6
2020-05-04,167.16,121.73,86.6
2020-05-05,166.09,121.64,86.59
2020-05-06,163.41,121.19,86.62
2020-05-07,166.14,121.93,86.68
2020-05-08,163.98,121.53,86.66
2020-05-11,162.7,121.19,86.63
2020-05-12,164.37,121.59,86.65
2020-05-13,165.52,121.84,86.65
2020-05-14,167.14,122.03,86.63
2020-05-15,166.71,121.95,86.68
2020-05-18,163.05,121.2,86.61
2020-05-19,163.66,121.54,86.66
2020-05-20,164.15,121.57,86.66
2020-05-21,164.56,121.65,86.64
2020-05-22,165.55,121.88,86.64
2020-05-26,163.33,121.56,86.64
2020-05-27,163.03,121.66,86.62
2020-05-28,162.43,121.55,86.66
2020-05-29,163.59,121.94,86.66
2020-06-01,162.28,121.77,86.58
2020-06-02,161.69,121.57,86.58
2020-06-03,159.54,120.85,86.51
2020-06-04,157.23,120.37,86.53
2020-06-05,156.11,119.77,86.5
2020-06-08,156.71,119.9,86.48
2020-06-09,158.49,120.33,86.51
2020-06-10,160.84,121.23,86.56
2020-06-11,163.88,121.66,86.52
2020-06-12,162.3,121.39,86.55
2020-06-15,162.39,121.29,86.53
2020-06-16,159.9,121.04,86.52
2020-06-17,160.56,121.23,86.55
2020-06-18,162.26,121.5,86.54
2020-06-19,162.39,121.54,86.56
2020-06-22,162.41,121.43,86.54
2020-06-23,161.3,121.39,86.56
2020-06-24,163.03,121.62,86.57
2020-06-25,163.5,121.64,86.57
2020-06-26,165.25,121.97,86.6
2020-06-29,164.73,122.09,86.62
2020-06-30,163.93,121.87,86.61
2020-07-01,163.42,121.57,86.52
2020-07-02,163.59,121.72,86.56
2020-07-06,162.92,121.54,86.53
2020-07-07,165.21,121.93,86.55
2020-07-08,164.55,121.74,86.55
2020-07-09,167.17,122.13,86.57
2020-07-10,166.33,121.89,86.54
2020-07-13,166.88,122.02,86.54
2020-07-14,167.12,122.01,86.55
2020-07-15,166.34,121.97,86.56
2020-07-16,167.13,122.06,86.56
2020-07-17,166.78,122.03,86.58
2020-07-20,167.19,122.11,86.56
2020-07-21,167.29,122.24,86.58
2020-07-22,167.79,122.28,86.57
2020-07-23,169.75,122.4,86.57
2020-07-24,169.74,122.34,86.58
2020-07-27,169.11,122.15,86.55
2020-07-28,170.28,122.44,86.57
2020-07-29,169.99,122.6,86.59
2020-07-30,171.11,122.765,86.62
2020-07-31,171.0,122.8,86.63
2020-08-03,169.95,122.64,86.58
2020-08-04,171.57,123.06,86.59
2020-08-05,170.07,122.65,86.57
2020-08-06,171.02,122.79,86.57
2020-08-07,169.88,122.53,86.56
2020-08-10,169.12,122.4,86.54
2020-08-11,167.105,121.98,86.52
2020-08-12,165.59,121.62,86.5
2020-08-13,163.82,121.37,86.49
2020-08-14,163.18,121.43,86.5
2020-08-17,163.59,121.63,86.51
2020-08-18,164.76,121.84,86.52
2020-08-19,163.73,121.68,86.52
2020-08-20,165.21,122.03,86.52
2020-08-21,166.2,122.12,86.51
2020-08-24,165.93,121.95,86.5
2020-08-25,164.66,121.655,86.51
2020-08-26,164.03,121.61,86.51
2020-08-27,161.24,121.18,86.5
2020-08-28,161.12,121.38,86.53
2020-08-31,162.19,121.51,86.56
2020-09-01,163.86,121.82,86.49
2020-09-02,165.42,121.99,86.5
2020-09-03,165.89,122.15,86.49
2020-09-04,162.74,121.47,86.46
2020-09-08,163.74,121.73,86.47
2020-09-09,163.3,121.67,86.48
2020-09-10,164.13,121.82,86.47
2020-09-11,164.48,122.01,86.49
2020-09-14,164.47,121.9,86.48
2020-09-15,164.07,121.84,86.485
2020-09-16,163.58,121.77,86.5
2020-09-17,164.08,121.805,86.48
2020-09-18,163.57,121.7,86.49
2020-09-21,164.4,121.92,86.48
2020-09-22,164.27,121.92,86.5
2020-09-23,164.49,121.92,86.5
2020-09-24,165.12,121.98,86.49
2020-09-25,165.12,122.08,86.5
2020-09-28,164.65,122.06,86.51
2020-09-29,164.84,122.15,86.5
2020-09-30,163.26,121.82,86.51
2020-10-01,163.36,121.81,86.45
2020-10-02,162.75,121.685,86.46
2020-10-05,159.57,120.92,86.43
2020-10-06,160.43,121.2,86.43
2020-10-07,159.26,120.85,86.42
2020-10-08,160.12,121.07,86.42
2020-10-09,160.09,121.01,86.42
2020-10-12,160.6,121.14,86.44
2020-10-13,161.75,121.41,86.43
2020-10-14,162.12,121.45,86.43
2020-10-15,161.84,121.32,86.45
2020-10-16,161.39,121.25,86.44
2020-10-19,160.78,121.05,86.44
2020-10-20,159.25,120.79,86.43
2020-10-21,158.7,120.63,86.43
2020-10-22,157.05,120.21,86.4
2020-10-23,158.01,120.38,86.41
2020-10-26,159.48,120.7,86.42
2020-10-27,160.55,120.97,86.42
2020-10-28,160.7,120.96,86.42
2020-10-29,159.14,120.45,86.44
2020-10-30,157.57,120.06,86.43
2020-11-02,158.58,120.19,86.39
2020-11-03,157.66,119.92,86.37
2020-11-04,161.08,120.93,86.39
2020-11-05,161.36,120.91,86.37
2020-11-06,159.41,120.5,86.38
2020-11-09,156.06,119.61,86.35
2020-11-10,155.16,119.27,86.34
2020-11-11,155.72,119.46,86.32
2020-11-12,158.37,120.14,86.33
2020-11-13,158.16,119.98,86.33
2020-11-16,157.78,119.89,86.35
2020-11-17,158.81,120.2,86.34
2020-11-18,159.27,120.16,86.34
2020-11-19,160.09,120.29,86.36
2020-11-20,161.51,120.5,86.37
2020-11-23,160.77,120.26,86.37
2020-11-24,159.17,120.07,86.38
2020-11-25,158.68,120.11,86.39
2020-11-27,160.22,120.47,86.39
2020-11-30,160.02,120.39,86.41
2020-12-01,157.5,119.67,86.33
2020-12-02,156.25,119.47,86.35
2020-12-03,157.51,119.79,86.37
2020-12-04,155.2,119.32,86.36
2020-12-07,156.6,119.69,86.38
2020-12-08,157.34,119.81,86.36
2020-12-09,156.82,119.64,86.35
2020-12-10,158.21,119.91,86.37
2020-12-11,158.77,120.15,86.42
2020-12-14,158.33,120.08,86.41
2020-12-15,157.8,119.96,86.41
2020-12-16,157.38,119.86,86.41
2020-12-17,156.8,119.7,86.38
2020-12-18,156.33,119.6,86.37
2020-12-21,156.95,119.68,86.37
2020-12-22,157.76,119.88,86.37
2020-12-23,156.67,119.63,86.39
2020-12-24,157.29,119.8,86.37
2020-12-28,157.36,119.81,86.38
2020-12-29,157.16,119.79,86.38
2020-12-30,157.5,119.87,86.385
2020-12-31,157.73,119.95,86.38
2021-01-04,157.54,119.98,86.39
2021-01-05,156.37,119.7,86.39
2021-01-06,153.16,119.0,86.34
2021-01-07,151.81,118.58,86.36
2021-01-08,151.32,118.24,86.35
2021-01-11,151.07,118.01,86.34
2021-01-12,150.95,117.99,86.34
2021-01-13,152.65,118.4,86.33
2021-01-14,151.22,118.13,86.34
2021-01-15,151.82,118.45,86.35
2021-01-19,152.31,118.52,86.38
2021-01-20,152.46,118.57,86.37
2021-01-21,151.39,118.4,86.38
2021-01-22,151.88,118.58,86.38
2021-01-25,153.67,119.06,86.39
2021-01-26,153.38,119.02,86.38
2021-01-27,153.77,119.16,86.38
2021-01-28,152.92,118.85,86.37
2021-01-29,152.0,118.64,86.4
2021-02-01,152.0,118.71,86.38
2021-02-02,151.02,118.41,86.35
2021-02-03,149.68,118.12,86.36
2021-02-04,149.28,118.08,86.36
2021-02-05,148.03,117.83,86.38
2021-02-08,148.68,117.88,86.37
2021-02-09,148.79,117.97,86.35
2021-02-10,149.78,118.27,86.36
2021-02-11,148.96,118.18,86.36
2021-02-12,147.11,117.79,86.37
2021-02-16,144.87,116.94,86.34
2021-02-17,145.79,117.02,86.36
2021-02-18,145.2,117.01,86.36
2021-02-19,143.27,116.54,86.37
2021-02-22,142.18,116.35,86.35
2021-02-23,141.77,116.44,86.36
2021-02-24,140.84,116.28,86.335
2021-02-25,138.54,114.73,86.21
2021-02-26,143.12,115.76,86.32
2021-03-01,141.06,115.56,86.29
2021-03-02,141.07,115.77,86.31
2021-03-03,139.54,115.15,86.26
2021-03-04,138.64,114.58,86.26
2021-03-05,138.91,114.42,86.26
2021-03-08,137.83,113.97,86.23
2021-03-09,139.74,114.51,86.23
2021-03-10,140.02,114.75,86.26
2021-03-11,139.01,114.71,86.26
2021-03-12,136.06,113.88,86.25
2021-03-15,136.86,114.02,86.26
2021-03-16,136.31,114.0,86.26
2021-03-17,135.29,113.81,86.28
2021-03-18,133.92,113.1,86.27
2021-03-19,134.75,113.03,86.27
2021-03-22,136.26,113.4,86.26
2021-03-23,137.49,113.96,86.27
2021-03-24,138.23,114.11,86.29
2021-03-25,137.14,113.96,86.3
2021-03-26,136.66,113.58,86.3
2021-03-29,135.5,113.19,86.28
2021-03-30,136.21,113.09,86.28
2021-03-31,135.45,112.93,86.25
2021-04-01,137.51,113.36,86.23
2021-04-05,136.91,113.04,86.21
2021-04-06,137.84,113.59,86.23
2021-04-07,136.88,113.52,86.24
2021-04-08,138.01,113.91,86.27
2021-04-09,137.51,113.61,86.24
2021-04-12,137.45,113.54,86.22
2021-04-13,138.48,114.01,86.25
2021-04-14,138.04,113.87,86.25
2021-04-15,140.35,114.6,86.27
2021-04-16,139.26,114.29,86.26
2021-04-19,138.86,114.17,86.25
2021-04-20,139.5,114.51,86.27
2021-04-21,139.78,114.57,86.29
2021-04-22,140.39,114.66,86.28
2021-04-23,140.06,114.51,86.26
2021-04-26,139.86,114.39,86.24
2021-04-27,138.64,113.94,86.23
2021-04-28,138.73,114.09,86.25
2021-04-29,138.32,113.89,86.27
2021-04-30,138.64,113.99,86.28
2021-05-03,138.52,114.11,86.26
2021-05-04,139.46,114.26,86.26
2021-05-05,139.69,114.4,86.28
2021-05-06,139.92,114.45,86.28
2021-05-07,139.23,114.49,86.31
2021-05-10,137.82,114.26,86.28
2021-05-11,137.04,114.07,86.27
2021-05-12,135.6,113.52,86.26
2021-05-13,135.81,113.9,86.28
2021-05-14,137.08,114.15,86.28
2021-05-17,136.79,114.04,86.28
2021-05-18,136.44,114.04,86.29
2021-05-19,136.11,113.7,86.26
2021-05-20,137.23,114.17,86.3
2021-05-21,137.67,114.21,86.28
2021-05-24,138.18,114.32,86.3
2021-05-25,139.46,114.74,86.3
2021-05-26,139.22,114.61,86.32
2021-05-27,138.655,114.41,86.32
2021-05-28,138.44,114.4,86.32
2021-06-01,138.21,114.3,86.29
2021-06-02,138.53,114.43,86.3
2021-06-03,138.01,114.14,86.27
2021-06-04,139.9,114.77,86.3
2021-06-07,139.47,114.68,86.29
2021-06-08,140.45,115.01,86.31
2021-06-09,141.69,115.37,86.29
2021-06-10,142.54,115.78,86.32
2021-06-11,142.31,115.61,86.3
2021-06-14,141.22,115.25,86.27
2021-06-15,141.05,115.27,86.26
2021-06-16,140.93,114.48,86.18
2021-06-17,143.04,114.89,86.175
2021-06-18,145.73,115.54,86.11
2021-06-21,143.29,115.17,86.13
2021-06-22,143.64,115.38,86.18
2021-06-23,143.27,115.15,86.12
2021-06-24,143.5,115.13,86.13
2021-06-25,142.01,114.89,86.12
2021-06-28,143.47,115.25,86.15
2021-06-29,143.71,115.31,86.14
2021-06-30,144.35,115.49,86.16
2021-07-01,144.17,115.33,86.13
2021-07-02,145.04,115.75,86.17
2021-07-06,146.74,116.36,86.2
2021-07-07,148.04,116.7,86.21
2021-07-08,148.62,117.0,86.25
2021-07-09,146.53,116.41,86.22
2021-07-12,146.34,116.35,86.2
2021-07-13,145.22,115.99,86.13
2021-07-14,146.87,116.49,86.19
2021-07-15,148.49,116.98,86.2
2021-07-16,148.21,116.96,86.19
2021-07-19,151.46,117.96,86.23
2021-07-20,150.0,117.81,86.27
2021-07-21,148.1,117.13,86.24
2021-07-22,149.5,117.4,86.25
2021-07-23,148.5,117.22,86.26
2021-07-26,148.06,117.14,86.24
2021-07-27,149.64,117.64,86.26
2021-07-28,149.65,117.74,86.27
2021-07-29,148.82,117.38,86.27
2021-07-30,149.52,117.71,86.285
2021-08-02,150.67,118.15,86.31
2021-08-03,150.75,118.18,86.31
2021-08-04,151.06,118.15,86.28
2021-08-05,150.29,117.72,86.24
2021-08-06,147.78,117.03,86.21
2021-08-09,147.25,116.78,86.18
2021-08-10,146.57,116.56,86.15
2021-08-11,146.48,116.69,86.19
2021-08-12,146.24,116.57,86.185
2021-08-13,148.55,117.24,86.2
2021-08-16,148.91,117.5,86.22
2021-08-17,148.85,117.44,86.2
2021-08-18,149.35,117.38,86.2
2021-08-19,150.45,117.64,86.2
2021-08-20,150.55,117.53,86.2
2021-08-23,150.45,117.56,86.2
2021-08-24,149.28,117.24,86.185
2021-08-25,148.04,116.78,86.18
2021-08-26,148.45,116.78,86.18
2021-08-27,149.46,117.16,86.24
2021-08-30,149.85,117.39,86.26
2021-08-31,148.83,117.17,86.25
2021-09-01,148.89,117.14,86.23
2021-09-02,149.54,117.28,86.23
2021-09-03,148.18,117.0,86.23
2021-09-07,146.93,116.54,86.2
2021-09-08,147.93,116.86,86.22
2021-09-09,149.72,117.19,86.24
2021-09-10,148.4,116.82,86.21
2021-09-13,149.3,116.96,86.23
2021-09-14,151.11,117.4,86.24
2021-09-15,150.58,117.2,86.24
2021-09-16,149.89,116.83,86.21
2021-09-17,149.17,116.49,86.19
2021-09-20,151.02,117.08,86.21
2021-09-21,150.89,117.01,86.23
2021-09-22,151.79,117.12,86.18
2021-09-23,148.36,116.06,86.13
2021-09-24,146.91,115.71,86.1
2021-09-27,146.37,115.4,86.09
2021-09-28,144.09,114.96,86.1
2021-09-29,144.34,115.08,86.13
2021-09-30,144.32,115.22,86.15
2021-10-01,145.35,115.61,86.18
2021-10-04,144.98,115.47,86.14
2021-10-05,143.58,115.11,86.13
2021-10-06,144.39,115.14,86.12
2021-10-07,142.88,114.68,86.09
2021-10-08,141.88,114.43,86.06
2021-10-11,141.52,114.15,85.99
2021-10-12,143.94,114.67,86.03
2021-10-13,145.34,114.89,86.0
2021-10-14,145.88,115.16,86.0
2021-10-15,145.03,114.59,85.95
2021-10-18,145.71,114.43,85.89
2021-10-19,143.7,114.02,85.92
2021-10-20,142.73,113.97,85.95
2021-10-21,142.56,113.67,85.85
2021-10-22,144.13,113.96,85.83
2021-10-25,143.91,114.1,85.87
2021-10-26,145.1,114.24,85.85
2021-10-27,147.74,114.88,85.83
2021-10-28,147.24,114.58,85.84
2021-10-29,147.69,114.63,85.85
2021-11-01,146.44,114.54,85.8
2021-11-02,147.09,114.82,85.89
2021-11-03,145.57,114.46,85.87
2021-11-04,147.1,115.08,85.95
2021-11-05,149.3,115.71,85.99
2021-11-08,149.02,115.21,85.89
2021-11-09,150.96,115.74,85.94
2021-11-10,148.2,114.75,85.77
2021-11-11,147.98,114.38,85.71
2021-11-12,147.33,114.62,85.78
2021-11-15,145.48,114.17,85.77
2021-11-16,145.11,114.07,85.77
2021-11-17,146.26,114.48,85.8
2021-11-18,146.81,114.55,85.79
2021-11-19,148.36,114.86,85.77
2021-11-22,146.62,114.02,85.67
2021-11-23,144.5,113.55,85.67
2021-11-24,146.82,113.9,85.65
2021-11-26,150.53,115.37,85.82
2021-11-29,149.32,115.11,85.86
2021-11-30,151.59,115.8,85.79
2021-12-01,152.34,115.93,85.75
2021-12-02,152.53,115.68,85.64
2021-12-03,154.35,116.36,85.69
2021-12-06,152.23,115.78,85.62
2021-12-07,151.0,115.34,85.51
2021-12-08,148.39,114.97,85.54
2021-12-09,149.22,115.26,85.51
2021-12-10,148.86,115.34,85.55
2021-12-13,151.06,115.89,85.6
2021-12-14,150.7,115.69,85.55
2021-12-15,149.25,115.52,85.58
2021-12-16,149.14,115.75,85.63
2021-12-17,150.83,116.01,85.59
2021-12-20,149.7,115.91,85.61
2021-12-21,149.13,115.45,85.56
2021-12-22,149.82,115.56,85.55
2021-12-23,148.52,115.32,85.54
2021-12-27,148.88,115.36,85.51
2021-12-28,148.29,115.34,85.51
2021-12-29,146.67,114.75,85.5
2021-12-30,147.9,115.13,85.55
2021-12-31,148.19,115.0,85.54
2022-01-03,144.3,113.93,85.44
2022-01-04,143.7,113.87,85.49
2022-01-05,142.92,113.39,85.38
2022-01-06,143.29,113.11,85.31
2022-01-07,142.26,112.74,85.29
2022-01-10,142.61,112.71,85.24
2022-01-11,143.56,112.98,85.27
2022-01-12,143.01,113.0,85.24
2022-01-13,144.28,113.36,85.28
2022-01-14,142.1,112.58,85.17
2022-01-18,140.1,111.73,85.04
2022-01-19,141.07,112.0,85.08
2022-01-20,141.94,112.24,85.06
2022-01-21,143.63,112.89,85.13
2022-01-24,142.45,112.79,85.18
2022-01-25,142.22,112.64,85.14
2022-01-26,140.5,111.84,84.99
2022-01-27,143.08,112.31,84.92
2022-01-28,143.13,112.57,84.95
2022-01-31,142.39,112.57,84.95
2022-02-01,141.72,112.31,84.92
2022-02-02,142.2,112.54,84.94
2022-02-03,141.09,112.06,84.87
2022-02-04,139.01,111.2,84.7
2022-02-07,139.1,111.23,84.72
2022-02-08,138.17,110.87,84.63
2022-02-09,138.43,111.02,84.62
2022-02-10,136.23,110.0,84.19
2022-02-11,138.25,111.14,84.45
2022-02-14,136.53,110.37,84.27
2022-02-15,134.98,110.04,84.3
2022-02-16,135.78,110.27,84.41
2022-02-17,136.79,110.86,84.46
2022-02-18,138.23,111.22,84.47
2022-02-22,138.59,111.21,84.39
2022-02-23,136.68,110.63,84.34
2022-02-24,136.77,110.89,84.41
2022-02-25,136.87,110.86,84.41
2022-02-28,139.87,112.12,84.56
2022-03-01,141.3,113.11,84.73
2022-03-02,136.47,111.41,84.45
2022-03-03,137.86,111.89,84.45
2022-03-04,140.24,113.0,84.54
2022-03-07,139.17,112.52,84.43
2022-03-08,137.77,111.79,84.32
2022-03-09,136.42,111.1,84.27
2022-03-10,134.46,110.59,84.2
2022-03-11,134.91,110.56,84.17
2022-03-14,131.76,109.16,83.95
2022-03-15,131.53,109.11,83.98
2022-03-16,132.82,108.96,83.9
2022-03-17,131.83,108.75,83.87
2022-03-18,133.44,109.07,83.85
2022-03-21,130.35,107.65,83.57
2022-03-22,128.68,107.06,83.51
2022-03-23,131.5,107.78,83.58
2022-03-24,130.47,107.18,83.555
2022-03-25,128.66,106.08,83.33
2022-03-28,129.76,106.32,83.25
2022-03-29,130.74,106.85,83.29
2022-03-30,131.76,107.27,83.35
2022-03-31,132.08,107.47,83.35
2022-04-01,132.38,106.65,83.14
2022-04-04,131.46,106.58,83.19
2022-04-05,128.49,105.31,83.04
2022-04-06,127.45,104.94,83.1
2022-04-07,126.49,104.68,83.16
2022-04-08,125.12,104.15,83.06
2022-04-11,123.14,103.65,83.08
2022-04-12,122.97,104.15,83.29
2022-04-13,123.22,104.38,83.33
2022-04-14,120.75,103.44,83.18
2022-04-18,120.15,103.14,83.18
2022-04-19,119.25,102.46,82.99
2022-04-20,121.65,103.26,83.04
2022-04-21,120.75,102.69,82.9
2022-04-22,119.99,102.74,82.88
2022-04-25,121.19,103.4,83.01
2022-04-26,122.41,104.09,83.16
2022-04-27,120.84,103.51,83.12
2022-04-28,121.02,103.36,83.06
2022-04-29,119.45,102.81,82.9
2022-05-02,117.18,101.92,82.85
2022-05-03,117.97,102.04,82.81
2022-05-04,118.62,102.7,83.03
2022-05-05,115.37,101.67,82.89
2022-05-06,113.67,101.09,82.88
2022-05-09,114.67,101.84,83.09
2022-05-10,115.71,102.18,83.04
2022-05-11,117.94,102.81,83.05
2022-05-12,117.72,103.15,83.17
2022-05-13,115.98,102.61,83.14
2022-05-16,115.86,103.04,83.19
2022-05-17,114.46,102.26,83.01
2022-05-18,116.9,102.99,83.05
2022-05-19,117.18,103.36,83.17
2022-05-20,118.51,103.84,83.23
2022-05-23,116.56,103.21,83.19
2022-05-24,118.86,104.1,83.38
2022-05-25,119.33,104.31,83.44
2022-05-26,118.79,104.26,83.46
2022-05-27,119.08,104.41,83.48
2022-05-31,116.56,103.32,83.35
2022-06-01,116.22,102.61,83.13
2022-06-02,116.28,102.76,83.15
2022-06-03,116.03,102.56,83.12
2022-06-06,113.89,101.79,83.01
2022-06-07,115.12,102.2,83.02
2022-06-08,114.1,101.82,82.96
2022-06-09,114.48,101.73,82.9
2022-06-10,113.77,100.73,82.55
2022-06-13,110.2,98.94,82.13
2022-06-14,108.81,98.15,81.97
2022-06-15,110.84,99.52,82.29
2022-06-16,111.72,100.17,82.4
2022-06-17,112.08,100.2,82.38
2022-06-21,110.18,99.68,82.35
2022-06-22,113.21,100.94,82.59
2022-06-23,114.14,101.51,82.66
2022-06-24,112.56,101.15,82.64
2022-06-27,111.6,100.58,82.55
2022-06-28,112.12,100.71,82.53
2022-06-29,113.87,101.52,82.63
2022-06-30,114.87,102.3,82.79
2022-07-01,115.82,103.24,82.96
2022-07-05,116.73,103.62,82.95
2022-07-06,114.77,102.74,82.72
2022-07-07,113.76,102.11,82.66
2022-07-08,112.5,101.49,82.56
2022-07-11,114.44,102.29,82.59
2022-07-12,115.12,102.53,82.63
2022-07-13,116.44,102.97,82.54
2022-07-14,115.49,102.4,82.51
2022-07-15,116.14,102.75,82.57
2022-07-18,114.93,102.45,82.52
2022-07-19,114.31,101.98,82.43
2022-07-20,114.61,101.88,82.42
2022-07-21,116.59,103.04,82.65
2022-07-22,118.55,104.22,82.86
2022-07-25,117.39,103.85,82.79
2022-07-26,117.48,103.89,82.75
2022-07-27,116.82,104.1,82.88
2022-07-28,117.75,105.13,83.06
2022-07-29,117.43,105.17,83.05
2022-08-01,120.04,105.6,82.96
2022-08-02,117.5,104.14,82.67
2022-08-03,119.35,104.57,82.7
2022-08-04,119.31,105.1,82.81
2022-08-05,116.47,103.58,82.47
2022-08-08,118.35,104.19,82.55
2022-08-09,117.89,103.88,82.47
2022-08-10,117.12,103.94,82.55
2022-08-11,114.39,103.25,82.52
2022-08-12,115.55,103.66,82.54
2022-08-15,115.45,103.99,82.61
2022-08-16,115.93,103.87,82.54
2022-08-17,114.72,103.17,82.47
2022-08-18,114.89,103.37,82.59
2022-08-19,113.04,102.48,82.53
2022-08-22,112.66,102.03,82.42
2022-08-23,112.04,101.78,82.46
2022-08-24,111.22,101.44,82.37
2022-08-25,112.77,102.09,82.42
2022-08-26,113.62,101.97,82.4
2022-08-29,112.68,101.39,82.34
2022-08-30,112.96,101.36,82.3
2022-08-31,111.88,100.94,82.29
2022-09-01,109.6,99.96,82.13
2022-09-02,110.22,100.52,82.31
2022-09-06,107.49,99.4,82.13
2022-09-07,109.19,100.05,82.25
2022-09-08,108.07,99.68,82.15
2022-09-09,108.31,99.69,82.08
2022-09-12,107.42,99.45,82.07
2022-09-13,107.67,98.89,81.79
2022-09-14,108.04,98.94,81.72
2022-09-15,107.97,98.6,81.63
2022-09-16,107.07,98.68,81.67
2022-09-19,107.32,98.4,81.58
2022-09-20,106.25,97.79,81.54
2022-09-21,108.03,98.18,81.47
2022-09-22,105.27,96.7,81.32
2022-09-23,105.7,96.82,81.22
2022-09-26,103.68,95.21,81.04
2022-09-27,100.95,94.56,81.04
2022-09-28,104.33,96.69,81.39
2022-09-29,103.79,96.24,81.28
2022-09-30,102.45,95.99,81.21
2022-10-03,103.83,96.94,81.28
2022-10-04,103.54,97.14,81.31
2022-10-05,102.55,96.22,81.23
2022-10-06,101.98,95.69,81.13
2022-10-07,100.99,95.22,81.03
2022-10-10,99.42,94.66,81.0
2022-10-11,99.86,94.9,81.04
2022-10-12,100.35,95.21,81.12
2022-10-13,99.39,94.81,80.88
2022-10-14,98.57,94.28,80.84
2022-10-17,98.09,94.38,80.93
2022-10-18,98.32,94.62,80.97
2022-10-19,96.53,93.63,80.82
2022-10-20,94.88,92.93,80.73
2022-10-21,93.17,93.14,80.94
2022-10-24,92.4,93.02,80.92
2022-10-25,95.09,94.18,81.0
2022-10-26,96.46,94.66,81.07
2022-10-27,97.47,95.33,81.24
2022-10-28,96.8,94.84,81.12
2022-10-31,96.11,94.41,81.0
2022-11-01,96.77,94.19,80.78
2022-11-02,96.35,94.03,80.74
2022-11-03,95.83,93.62,80.59
2022-11-04,94.22,93.42,80.68
2022-11-07,93.28,93.09,80.61
2022-11-08,94.3,93.71,80.69
2022-11-09,94.61,94.03,80.82
2022-11-10,98.25,96.14,81.26
2022-11-11,97.89,95.94,81.24
2022-11-14,97.65,95.71,81.17
2022-11-15,99.23,96.42,81.25
2022-11-16,101.4,97.13,81.26
2022-11-17,100.33,96.47,81.16
2022-11-18,99.64,96.13,81.07
2022-11-21,100.06,96.07,81.05
2022-11-22,101.48,96.62,81.11
2022-11-23,103.25,97.14,81.18
2022-11-25,102.9,97.11,81.19
2022-11-28,103.19,97.15,81.21
2022-11-29,101.98,96.74,81.18
2022-11-30,102.73,97.61,81.42
2022-12-01,105.76,98.48,81.43
2022-12-02,107.09,98.68,81.41
2022-12-05,105.59,97.68,81.18
2022-12-06,106.95,98.28,81.27
2022-12-07,109.47,99.14,81.44
2022-12-08,109.17,98.58,81.36
2022-12-09,106.33,97.85,81.32
2022-12-12,106.67,97.71,81.27
2022-12-13,107.7,98.59,81.51
2022-12-14,108.16,98.86,81.52
2022-12-15,108.32,98.86,81.35
2022-12-16,107.11,98.61,81.43
2022-12-19,105.31,97.81,81.33
2022-12-20,103.44,97.1,81.33
2022-12-21,103.7,97.22,81.41
2022-12-22,103.68,97.19,81.36
2022-12-23,102.16,96.75,81.32
2022-12-27,100.14,95.94,81.21
2022-12-28,99.55,95.71,81.21
2022-12-29,100.68,96.18,81.27
2022-12-30,99.56,95.78,81.17
2023-01-03,101.46,96.53,81.24
2023-01-04,102.85,97.27,81.32
2023-01-05,103.28,97.13,81.21
2023-01-06,105.18,98.38,81.52
2023-01-09,105.74,98.63,81.6
2023-01-10,103.99,98.01,81.53
2023-01-11,105.68,98.64,81.6
2023-01-12,107.76,99.52,81.78
2023-01-13,106.75,98.99,81.64
2023-01-17,106.06,98.68,81.69
2023-01-18,108.63,100.02,81.87
2023-01-19,107.95,99.83,81.85
2023-01-20,106.2,99.17,81.78
2023-01-23,105.7,98.85,81.7
2023-01-24,107.22,99.42,81.73
2023-01-25,107.48,99.53,81.78
2023-01-26,106.98,99.17,81.73
2023-01-27,106.71,99.02,81.73
2023-01-30,106.32,98.71,81.65
2023-01-31,107.17,99.21,81.8
2023-02-01,108.18,99.71,81.79
2023-02-02,108.32,99.67,81.8
2023-02-03,106.7,98.6,81.5
2023-02-06,105.91,97.75,81.27
2023-02-07,105.06,97.51,81.31
2023-02-08,105.56,97.87,81.34
2023-02-09,104.56,97.43,81.28
2023-02-10,103.39,96.96,81.24
2023-02-13,104.26,97.19,81.26
2023-02-14,104.02,96.75,81.09
2023-02-15,103.05,96.46,81.1
2023-02-16,101.59,96.14,81.11
2023-02-17,102.38,96.41,81.18
2023-02-21,100.39,95.36,81.02
2023-02-22,101.31,95.53,81.06
2023-02-23,102.3,95.9,81.11
2023-02-24,100.97,95.32,80.94
2023-02-27,101.25,95.61,81.01
2023-02-28,101.71,95.76,80.99
2023-03-01,100.37,94.8,80.68
2023-03-02,99.48,94.41,80.71
2023-03-03,101.89,95.17,80.76
2023-03-06,101.1,95.0,80.72
2023-03-07,101.72,95.01,80.55
2023-03-08,101.82,94.98,80.51
2023-03-09,102.07,95.57,80.77
2023-03-10,105.59,97.33,81.21
2023-03-13,105.83,98.51,82.02
2023-03-14,104.09,97.58,81.71
2023-03-15,106.1,98.99,82.19
2023-03-16,105.27,98.1,81.86
2023-03-17,106.85,99.26,82.27
2023-03-20,105.91,98.86,82.17
2023-03-21,105.0,98.0,81.86
2023-03-22,106.4,99.29,82.24
2023-03-23,106.4,99.86,82.48
2023-03-24,106.85,99.89,82.52
2023-03-27,104.34,98.66,82.17
2023-03-28,104.53,98.6,82.08
2023-03-29,104.32,98.43,82.05
2023-03-30,104.8,98.58,82.06
2023-03-31,106.37,99.12,82.16
2023-04-03,106.6,99.39,82.08
2023-04-04,107.13,100.03,82.27
2023-04-05,108.25,100.45,82.38
2023-04-06,108.53,100.48,82.35
2023-04-10,106.78,99.49,82.06
2023-04-11,107.0,99.45,82.05
2023-04-12,106.89,99.74,82.14
2023-04-13,106.05,99.41,82.19
2023-04-14,105.08,98.92,82.0
2023-04-17,103.83,98.29,81.88
2023-04-18,104.2,98.45,81.86
2023-04-19,104.1,98.24,81.79
2023-04-20,104.99,98.81,81.99
2023-04-21,104.4,98.57,81.94
2023-04-24,105.41,99.05,82.03
2023-04-25,106.96,100.03,82.35
2023-04-26,105.82,99.64,82.25
2023-04-27,104.77,98.99,82.09
2023-04-28,106.46,99.73,82.18
2023-05-01,103.13,98.32,81.81
2023-05-02,105.7,99.6,82.08
2023-05-03,106.29,100.25,82.28
2023-05-04,105.24,100.23,82.41
2023-05-05,104.89,99.69,82.21
2023-05-08,103.42,99.08,82.08
2023-05-09,103.05,98.96,82.06
2023-05-10,104.05,99.7,82.26
2023-05-11,105.15,100.07,82.31
2023-05-12,104.27,99.47,82.17
2023-05-15,103.19,99.25,82.18
2023-05-16,102.88,98.93,82.08
2023-05-17,102.58,98.61,81.99
2023-05-18,101.82,98.0,81.84
2023-05-19,101.1,97.63,81.78
2023-05-22,100.74,97.45,81.75
2023-05-23,101.03,97.61,81.74
2023-05-24,100.53,97.36,81.64
2023-05-25,100.28,96.75,81.46
2023-05-26,101.09,96.93,81.44
2023-05-30,102.1,97.69,81.6
2023-05-31,102.99,98.06,81.68
2023-06-01,103.12,98.1,81.61
2023-06-02,101.99,97.32,81.38
2023-06-05,101.8,97.29,81.4
2023-06-06,102.4,97.35,81.36
2023-06-07,100.88,96.64,81.3
2023-06-08,102.06,97.29,81.43
2023-06-09,101.92,96.94,81.28
2023-06-12,102.22,97.1,81.35
2023-06-13,101.21,96.41,81.2
2023-06-14,102.02,96.54,81.15
2023-06-15,103.0,97.29,81.32
2023-06-16,102.6,96.87,81.21
2023-06-20,103.31,97.16,81.24
2023-06-21,103.56,97.25,81.24
2023-06-22,102.31,96.7,81.15
2023-06-23,103.33,97.1,81.22
2023-06-26,103.44,97.34,81.28
2023-06-27,103.17,97.0,81.16
2023-06-28,103.61,97.39,81.25
2023-06-29,101.74,96.39,81.05
2023-06-30,102.94,96.6,81.08
2023-07-03,102.08,95.95,80.78
2023-07-05,101.11,95.49,80.76
2023-07-06,99.68,94.71,80.71
2023-07-07,99.08,94.59,80.8
2023-07-10,99.21,95.08,80.92
2023-07-11,99.72,95.28,80.91
2023-07-12,100.83,96.21,81.15
2023-07-13,101.89,97.01,81.38
2023-07-14,101.29,96.53,81.17
2023-07-17,101.34,96.69,81.2
2023-07-18,101.8,96.8,81.2
2023-07-19,102.95,97.13,81.23
2023-07-20,101.7,96.36,81.13
2023-07-21,101.73,96.44,81.14
2023-07-24,101.36,96.21,81.04
2023-07-25,101.17,96.03,81.03
2023-07-26,101.27,96.36,81.11
2023-07-27,99.3,95.31,80.99
2023-07-28,99.81,95.62,81.1
2023-07-31,100.05,95.74,81.12
2023-08-01,98.14,94.94,80.84
2023-08-02,97.09,94.75,80.88
2023-08-03,94.85,94.05,80.91
2023-08-04,96.53,95.05,81.07
2023-08-07,95.58,94.82,81.1
2023-08-08,96.69,95.3,81.14
2023-08-09,97.19,95.36,81.09
2023-08-10,95.59,94.63,81.05
2023-08-11,95.37,94.13,80.97
2023-08-14,95.16,93.98,80.9
2023-08-15,94.58,93.8,80.93
2023-08-16,93.84,93.44,80.89
2023-08-17,93.44,93.32,80.98
2023-08-18,93.77,93.6,81.01
2023-08-21,92.52,93.02,80.92
2023-08-22,93.23,93.06,80.88
2023-08-23,95.54,94.07,81.03
2023-08-24,94.91,93.72,80.98
2023-08-25,95.22,93.69,80.93
2023-08-28,95.32,93.95,80.98
2023-08-29,96.31,94.62,81.16
2023-08-30,96.21,94.61,81.16
2023-08-31,96.64,94.8,81.24
2023-09-01,94.85,93.98,80.99
2023-09-05,93.52,93.41,80.89
2023-09-06,93.75,93.17,80.8
2023-09-07,94.01,93.49,80.95
2023-09-08,94.37,93.51,80.91
2023-09-11,93.69,93.35,80.93
2023-09-12,94.23,93.48,80.89
2023-09-13,94.21,93.59,80.96
2023-09-14,93.53,93.38,80.94
2023-09-15,92.96,93.09,80.9
2023-09-18,93.49,93.18,80.89
2023-09-19,92.8,92.84,80.83
2023-09-20,93.09,92.77,80.78
2023-09-21,90.7,92.08,80.82
2023-09-22,91.43,92.44,80.9
2023-09-25,89.18,91.76,80.87
2023-09-26,88.87,91.73,80.88
2023-09-27,88.41,91.32,80.82
2023-09-28,88.68,91.57,80.96
2023-09-29,88.69,91.59,80.97
2023-10-02,86.93,90.61,80.68
2023-10-03,85.06,89.86,80.62
2023-10-04,86.26,90.43,80.8
2023-10-05,85.83,90.6,80.88
2023-10-06,84.79,90.07,80.81
2023-10-09,86.78,91.22,81.05
2023-10-10,86.66,91.04,81.0
2023-10-11,88.47,91.54,80.98
2023-10-12,86.07,90.66,80.88
2023-10-13,87.61,91.24,80.93
2023-10-16,86.2,90.7,80.88
2023-10-17,85.25,89.81,80.7
2023-10-18,84.5,89.39,80.7
2023-10-19,82.77,88.95,80.81
2023-10-20,83.24,89.465,80.94
2023-10-23,84.24,89.89,80.99
2023-10-24,85.35,90.05,80.97
2023-10-25,83.45,89.26,80.88
2023-10-26,84.73,89.94,81.04
2023-10-27,84.37,90.08,81.09
2023-10-30,83.99,89.78,81.06
2023-10-31,83.58,89.59,81.03
2023-11-01,85.1,90.37,80.98
2023-11-02,87.04,90.93,80.99
2023-11-03,87.63,91.63,81.21
2023-11-06,86.78,91.1,81.06
2023-11-07,88.06,91.62,81.12
2023-11-08,89.56,91.99,81.1
2023-11-09,87.5,91.08,80.98
2023-11-10,87.99,91.18,81.0
2023-11-13,87.79,91.13,81.03
2023-11-14,89.78,92.5,81.35
2023-11-15,88.52,91.78,81.2
2023-11-16,89.62,92.47,81.34
2023-11-17,90.04,92.53,81.28
2023-11-20,90.59,92.66,81.29
2023-11-21,90.55,92.78,81.34
2023-11-22,90.87,92.75,81.35
2023-11-24,89.8,92.27,81.29
2023-11-27,91.3,92.97,81.39
2023-11-28,91.48,93.38,81.54
2023-11-29,92.63,93.87,81.7
2023-11-30,91.56,93.41,81.65
2023-12-01,92.99,94.04,81.64
2023-12-04,92.615,93.65,81.52
2023-12-05,94.61,94.31,81.62
2023-12-06,95.87,94.7,81.6
2023-12-07,95.32,94.56,81.66
2023-12-08,94.54,93.95,81.48
2023-12-11,94.34,93.96,81.5
2023-12-12,94.62,94.16,81.51
2023-12-13,96.84,95.56,81.92
2023-12-14,99.04,96.07,81.8
2023-12-15,99.15,95.99,81.71
2023-12-18,98.36,95.78,81.7
2023-12-19,98.89,95.96,81.73
2023-12-20,99.56,96.43,81.84
2023-12-21,98.93,96.28,81.92
2023-12-22,98.475,96.19,81.95
2023-12-26,98.76,96.25,81.91
2023-12-27,100.51,97.0,82.01
2023-12-28,99.78,96.63,82.0
2023-12-29,98.88,96.39,82.04
2024-01-02,98.31,96.03,81.94
2024-01-03,98.72,96.26,81.96
2024-01-04,97.22,95.68,81.91
2024-01-05,96.29,95.33,81.89
2024-01-08,97.24,95.65,81.96
2024-01-09,96.62,95.61,81.98
2024-01-10,96.17,95.46,81.98
2024-01-11,96.71,95.97,82.17
2024-01-12,96.52,96.23,82.34
2024-01-16,94.82,95.45,82.21
2024-01-17,94.67,95.14,82.05
2024-01-18,93.79,94.93,82.09
2024-01-19,94.09,94.94,82.03
2024-01-22,94.65,95.23,82.07
2024-01-23,93.9,94.99,82.06
2024-01-24,93.35,94.72,82.02
2024-01-25,93.96,95.13,82.17
2024-01-26,93.78,94.96,82.12
2024-01-29,94.86,95.53,82.2
2024-01-30,95.72,95.66,82.15
2024-01-31,96.66,96.46,82.3
2024-02-01,98.24,96.82,82.18
2024-02-02,96.07,95.56,81.92
2024-02-05,94.13,94.63,81.76
2024-02-06,95.05,95.14,81.89
2024-02-07,94.59,94.97,81.86
2024-02-08,94.04,94.66,81.84
2024-02-09,93.85,94.49,81.81
2024-02-12,93.96,94.58,81.82
2024-02-13,92.35,93.54,81.56
2024-02-14,92.82,93.89,81.68
2024-02-15,93.3,94.15,81.76
2024-02-16,92.76,93.74,81.66
2024-02-20,92.84,93.9,81.71
2024-02-21,92.18,93.6,81.64
2024-02-22,92.63,93.61,81.63
2024-02-23,93.87,94.04,81.67
2024-02-26,93.59,93.9,81.61
2024-02-27,92.93,93.69,81.61
2024-02-28,93.52,94.03,81.69
2024-02-29,94.18,94.22,81.74
2024-03-01,94.47,94.4,81.66
2024-03-04,94.09,94.19,81.58
2024-03-05,95.43,94.77,81.64
2024-03-06,95.99,95.0,81.66
2024-03-07,95.9,95.16,81.76
2024-03-08,95.73,95.23,81.8
2024-03-11,95.68,95.11,81.73
2024-03-12,94.88,94.72,81.65
2024-03-13,94.42,94.51,81.61
2024-03-14,92.97,93.81,81.54
2024-03-15,92.94,93.65,81.49
2024-03-18,92.66,93.54,81.5
2024-03-19,92.92,93.81,81.57
2024-03-20,92.89,94.03,81.7
2024-03-21,93.09,94.04,81.7
2024-03-22,93.98,94.5,81.76
2024-03-25,93.51,94.25,81.72
2024-03-26,93.77,94.39,81.74
2024-03-27,94.7,94.75,81.83
2024-03-28,94.62,94.66,81.78
2024-04-01,92.55,93.53,81.34
2024-04-02,92.04,93.33,81.38
2024-04-03,92.02,93.44,81.44
2024-04-04,92.68,93.76,81.52
2024-04-05,91.39,93.14,81.39
2024-04-08,91.38,92.93,81.31
2024-04-09,92.23,93.3,81.39
2024-04-10,90.22,92.06,81.06
2024-04-11,89.81,91.93,81.16
2024-04-12,90.29,92.31,81.21
2024-04-15,88.89,91.72,81.18
2024-04-16,88.3,91.36,81.13
2024-04-17,89.28,91.94,81.19
2024-04-18,88.83,91.62,81.15
2024-04-19,89.15,91.74,81.17
2024-04-22,89.0,91.75,81.21
2024-04-23,89.03,91.87,81.28
2024-04-24,88.4,91.59,81.25
2024-04-25,87.78,91.24,81.19
2024-04-26,88.24,91.49,81.21
2024-04-29,88.98,91.86,81.25
2024-04-30,88.22,91.43,81.15
2024-05-01,88.56,91.52,81.05
2024-05-02,88.94,91.95,81.17
2024-05-03,89.84,92.46,81.3
2024-05-06,90.19,92.54,81.29
2024-05-07,90.74,92.78,81.3
2024-05-08,90.19,92.52,81.28
2024-05-09,90.63,92.8,81.35
2024-05-10,90.12,92.5,81.28
2024-05-13,90.35,92.61,81.3
2024-05-14,90.86,92.88,81.38
2024-05-15,92.1,93.58,81.53
2024-05-16,92.01,93.4,81.47
2024-05-17,91.39,93.11,81.42
2024-05-20,91.12,92.97,81.4
2024-05-21,91.59,93.21,81.44
2024-05-22,91.7,93.09,81.38
2024-05-23,91.11,92.76,81.34
2024-05-24,91.38,92.88,81.37
2024-05-28,90.07,92.36,81.3
2024-05-29,88.98,91.91,81.27
2024-05-30,89.84,92.37,81.36
2024-05-31,90.45,92.8,81.47
